Status,Agent Name,Call Start Time,Call End Time,Calling Number,Waiting Time in Seconds,Techline Team
Answered,Pooja Reddy,2025-08-22 10:27:49,2025-08-22 10:41:16,8784868252,92,Spark Plug
Abandoned,Arjun Mehta,2025-07-19 09:15:27,2025-07-19 09:15:27,8131630538,444,Filter
Answered,Rahul Verma,2026-06-21 02:59:25,2026-06-21 03:16:41,7673867704,170,Lighting
Answered,Meera Pillai,2026-02-26 05:51:51,2026-02-26 06:16:46,9927340606,24,Towing
Failed,Priya Sharma,2026-01-02 04:55:07,2026-01-02 04:55:07,7363679122,52,Brakes
Diverted,Arjun Mehta,2023-03-30 00:21:00,2023-03-30 00:26:35,7461030290,84,Lighting
Abandoned,Rahul Verma,2023-11-13 16:21:16,2023-11-13 16:21:21,7764764331,319,Wiper
Failed,Vikram Das,2025-12-09 20:04:06,2025-12-09 20:04:06,9764373749,28,Lighting
Diverted,Rahul Verma,2025-10-19 17:39:16,2025-10-19 17:43:51,9893697394,76,Filter
Diverted,Arjun Mehta,2024-12-16 21:04:46,2024-12-16 21:08:46,9870309429,49,Filter
Abandoned,Rahul Verma,2023-12-15 05:35:39,2023-12-15 05:35:43,8830943021,480,Filter
Advanced,Ananya Nair,2024-05-07 10:53:46,2024-05-07 11:43:05,8254349157,19,Lighting
Failed,Priya Sharma,2026-04-18 11:48:55,2026-04-18 11:48:55,7186351554,39,Filter
Failed,Pooja Reddy,2023-09-01 22:53:44,2023-09-01 22:53:44,7104651697,57,Spark Plug
Answered,Ravi Kumar,2023-05-06 18:11:02,2023-05-06 18:31:12,9033278666,82,Lighting
Abandoned,Pooja Reddy,2023-07-08 00:40:30,2023-07-08 00:40:31,7327008739,427,Filter
Failed,Lakshmi Krishnan,2023-05-26 07:08:01,2023-05-26 07:08:01,8199552246,71,Spark Plug
Advanced,Lakshmi Krishnan,2025-12-18 22:52:44,2025-12-18 23:21:25,8089328315,15,Brakes
Diverted,Pooja Reddy,2025-07-10 22:41:03,2025-07-10 22:43:54,7549324268,36,Spark Plug
Advanced,Lakshmi Krishnan,2023-09-15 13:35:36,2023-09-15 14:02:13,9585696827,37,Lighting
Answered,Sneha Iyer,2025-07-18 05:02:26,2025-07-18 05:04:42,7722514375,135,Brakes
Answered,Manoj Pillai,2023-08-13 11:38:16,2023-08-13 11:49:26,7244686434,144,Brakes
Abandoned,Arjun Mehta,2024-06-09 07:14:19,2024-06-09 07:14:24,7276916994,481,Brakes
Answered,Karthik Rao,2023-06-06 02:08:54,2023-06-06 02:25:37,7369199103,54,Lighting
Advanced,Manoj Pillai,2024-10-14 12:53:21,2024-10-14 13:30:19,7016005946,96,Filter
Advanced,Arjun Mehta,2024-05-23 18:51:49,2024-05-23 19:41:29,7316425049,197,Wiper
Answered,Manoj Pillai,2023-10-09 21:18:27,2023-10-09 21:42:02,8251304703,88,Spark Plug
Failed,Vikram Das,2023-11-02 12:41:55,2023-11-02 12:41:55,9451562647,95,Filter
Failed,Priya Sharma,2023-03-03 23:58:35,2023-03-03 23:58:35,9274604520,150,Towing
Answered,Lakshmi Krishnan,2025-07-06 19:43:29,2025-07-06 19:54:44,9070114798,107,Spark Plug
Failed,Divya Menon,2024-08-24 18:13:45,2024-08-24 18:13:45,7339300304,61,Lighting
Advanced,Meera Pillai,2026-06-30 07:20:26,2026-06-30 07:23:53,8479648297,267,Wiper
Failed,Aditya Singh,2026-06-24 23:28:30,2026-06-24 23:28:30,9613567319,78,Filter
Diverted,Ananya Nair,2023-02-16 04:00:46,2023-02-16 04:01:26,9573802590,19,Lighting
Advanced,Pooja Reddy,2024-05-27 17:22:37,2024-05-27 17:35:58,7426363396,57,Filter
Advanced,Divya Menon,2023-09-01 18:54:42,2023-09-01 19:02:10,9742890538,14,Filter
Answered,Rahul Verma,2024-04-25 00:49:33,2024-04-25 01:16:46,8395721905,32,Brakes
Answered,Sneha Iyer,2025-12-24 06:04:28,2025-12-24 06:30:22,7556857030,156,Towing
Advanced,Divya Menon,2025-03-03 20:19:50,2025-03-03 20:42:42,8921913838,67,Wiper
Answered,Pooja Reddy,2025-07-26 06:45:06,2025-07-26 07:14:05,8056593618,160,Filter
Abandoned,Pooja Reddy,2024-06-21 10:23:01,2024-06-21 10:23:06,8984094360,234,Wiper
Failed,Rahul Verma,2023-12-04 10:14:04,2023-12-04 10:14:04,8070824730,41,Towing
Answered,Aditya Singh,2026-05-23 10:15:40,2026-05-23 10:37:43,8623831153,58,Brakes
Abandoned,Manoj Pillai,2025-08-10 21:36:51,2025-08-10 21:36:55,8563371548,410,Lighting
Answered,Vikram Das,2026-06-28 11:58:56,2026-06-28 12:02:13,8939214244,11,Spark Plug
Advanced,Sneha Iyer,2023-01-27 09:48:11,2023-01-27 10:14:12,8440291564,136,Filter
Advanced,Sneha Iyer,2025-04-27 00:31:08,2025-04-27 00:41:04,9801541916,83,Wiper
Answered,Vikram Das,2024-06-16 04:51:48,2024-06-16 05:21:14,8577750449,34,Lighting
Abandoned,Priya Sharma,2026-04-04 01:42:01,2026-04-04 01:42:03,7393259541,288,Towing
Failed,Aditya Singh,2025-11-27 20:02:12,2025-11-27 20:02:12,8704437838,198,Lighting
Answered,Meera Pillai,2023-06-30 00:03:58,2023-06-30 00:06:19,7633047233,168,Brakes
Diverted,Vikram Das,2024-10-03 20:10:33,2024-10-03 20:16:43,8977244040,76,Filter
Diverted,Lakshmi Krishnan,2023-09-22 21:19:05,2023-09-22 21:20:50,8061923587,83,Brakes
Diverted,Meera Pillai,2025-07-31 04:50:19,2025-07-31 05:00:13,9120316489,2,Wiper
Answered,Meera Pillai,2026-05-12 04:38:34,2026-05-12 04:55:05,8671902503,118,Brakes
Advanced,Sneha Iyer,2026-02-06 21:37:01,2026-02-06 22:21:27,9402140788,294,Towing
Abandoned,Suresh Babu,2023-06-26 20:26:03,2023-06-26 20:26:06,7628095274,449,Wiper
Advanced,Ravi Kumar,2024-11-30 09:39:23,2024-11-30 09:42:45,8828640956,92,Brakes
Failed,Priya Sharma,2024-12-28 12:33:44,2024-12-28 12:33:44,7155054209,198,Spark Plug
Advanced,Divya Menon,2025-01-01 05:01:45,2025-01-01 05:08:19,8009829278,200,Wiper
Advanced,Meera Pillai,2023-06-01 08:21:50,2023-06-01 09:05:28,9864885297,178,Towing
Answered,Karthik Rao,2024-03-31 09:35:43,2024-03-31 09:51:06,7577007914,2,Wiper
Abandoned,Sneha Iyer,2023-05-27 16:11:58,2023-05-27 16:12:01,8654799015,356,Towing
Advanced,Meera Pillai,2024-10-16 23:30:11,2024-10-17 00:04:18,8195602657,288,Brakes
Abandoned,Ananya Nair,2024-02-25 14:00:53,2024-02-25 14:00:54,8300389736,157,Brakes
Advanced,Lakshmi Krishnan,2023-08-17 21:34:06,2023-08-17 22:15:29,7689639747,154,Wiper
Answered,Sneha Iyer,2024-08-14 13:10:41,2024-08-14 13:28:29,8098506341,164,Towing
Answered,Pooja Reddy,2025-07-08 06:01:27,2025-07-08 06:04:07,9835087712,148,Spark Plug
Failed,Manoj Pillai,2024-12-05 23:09:18,2024-12-05 23:09:18,7776400117,198,Spark Plug
Answered,Arjun Mehta,2024-10-14 03:33:36,2024-10-14 03:56:57,9372116316,159,Brakes
Answered,Priya Sharma,2024-03-21 16:01:51,2024-03-21 16:21:31,8501446846,123,Wiper
Advanced,Divya Menon,2024-02-08 14:16:15,2024-02-08 14:48:14,9731536489,233,Lighting
Diverted,Meera Pillai,2025-09-25 17:04:15,2025-09-25 17:06:45,9582534279,15,Towing
Advanced,Karthik Rao,2023-05-12 01:54:51,2023-05-12 02:42:52,7514568453,30,Brakes
Failed,Meera Pillai,2026-03-20 21:11:34,2026-03-20 21:11:34,9389806341,14,Lighting
Answered,Sneha Iyer,2025-07-20 05:27:53,2025-07-20 05:48:49,9721140931,27,Spark Plug
Answered,Priya Sharma,2023-06-08 12:33:15,2023-06-08 12:38:55,7170299062,113,Lighting
Failed,Manoj Pillai,2023-09-06 17:34:14,2023-09-06 17:34:14,7856679800,176,Lighting
Abandoned,Ravi Kumar,2024-12-21 03:25:53,2024-12-21 03:25:57,8554169023,124,Lighting
Answered,Ravi Kumar,2025-03-06 18:36:26,2025-03-06 19:03:56,7872052977,52,Brakes
Answered,Lakshmi Krishnan,2024-08-07 19:58:31,2024-08-07 20:02:52,8987368056,127,Spark Plug
Answered,Aditya Singh,2025-06-30 10:54:24,2025-06-30 11:05:16,8507254067,16,Filter
Diverted,Priya Sharma,2024-03-18 06:12:19,2024-03-18 06:20:12,8490628439,23,Wiper
Diverted,Rahul Verma,2023-01-06 15:23:37,2023-01-06 15:24:27,9909928901,112,Wiper
Abandoned,Suresh Babu,2025-10-01 12:44:26,2025-10-01 12:44:30,9307552063,188,Towing
Abandoned,Karthik Rao,2025-11-20 18:18:52,2025-11-20 18:18:54,9981241436,404,Towing
Diverted,Priya Sharma,2024-10-14 15:06:36,2024-10-14 15:08:48,9937402651,77,Brakes
Failed,Pooja Reddy,2023-12-03 09:54:18,2023-12-03 09:54:18,8748152999,139,Towing
Abandoned,Lakshmi Krishnan,2023-04-02 08:31:13,2023-04-02 08:31:15,9528157160,111,Towing
Advanced,Rahul Verma,2024-01-09 01:38:54,2024-01-09 02:21:43,8295137646,79,Lighting
Failed,Aditya Singh,2024-11-01 18:37:29,2024-11-01 18:37:29,9360053328,14,Wiper
Abandoned,Vikram Das,2024-10-03 04:09:47,2024-10-03 04:09:50,7196852415,238,Lighting
Advanced,Priya Sharma,2025-11-10 23:54:28,2025-11-11 00:12:08,7964010452,150,Wiper
Advanced,Divya Menon,2023-07-13 09:33:30,2023-07-13 09:50:41,8459689025,265,Lighting
Diverted,Lakshmi Krishnan,2025-09-06 12:17:11,2025-09-06 12:25:54,8268778288,85,Filter
Answered,Rahul Verma,2025-06-26 04:12:12,2025-06-26 04:15:12,7280018530,51,Filter
Failed,Ananya Nair,2023-04-24 22:19:34,2023-04-24 22:19:34,9514812190,190,Filter
Answered,Arjun Mehta,2023-09-20 01:05:25,2023-09-20 01:12:39,8698796982,105,Wiper
Answered,Meera Pillai,2024-11-29 18:13:42,2024-11-29 18:31:12,7047517733,70,Lighting
Advanced,Lakshmi Krishnan,2023-05-23 04:38:01,2023-05-23 05:19:23,8359073454,215,Wiper
Advanced,Pooja Reddy,2025-02-24 05:50:01,2025-02-24 06:02:01,8611509929,205,Lighting
Diverted,Meera Pillai,2025-12-01 10:43:59,2025-12-01 10:50:26,8871261269,63,Towing
Diverted,Lakshmi Krishnan,2026-01-08 01:19:00,2026-01-08 01:22:38,9045460534,115,Lighting
Failed,Aditya Singh,2026-01-04 12:19:42,2026-01-04 12:19:42,9744896142,124,Wiper
Abandoned,Vikram Das,2026-05-18 05:14:24,2026-05-18 05:14:24,9746708897,326,Lighting
Advanced,Aditya Singh,2024-11-27 03:46:08,2024-11-27 04:08:40,8296353151,291,Brakes
Failed,Arjun Mehta,2023-12-12 14:08:33,2023-12-12 14:08:33,8249354559,30,Brakes
Answered,Rahul Verma,2025-04-10 00:59:46,2025-04-10 01:11:36,8820071299,38,Filter
Answered,Suresh Babu,2023-04-19 10:45:30,2023-04-19 11:04:45,7696113599,119,Brakes
Answered,Aditya Singh,2026-05-06 02:00:48,2026-05-06 02:29:52,8436199661,94,Lighting
Abandoned,Divya Menon,2024-03-11 11:17:14,2024-03-11 11:17:15,8422580474,459,Brakes
Advanced,Karthik Rao,2024-10-22 01:09:24,2024-10-22 01:15:59,7719037698,289,Spark Plug
Answered,Aditya Singh,2025-02-18 18:58:21,2025-02-18 19:24:53,7358520993,169,Wiper
Diverted,Suresh Babu,2026-01-30 21:53:06,2026-01-30 21:58:09,7514968616,58,Brakes
Abandoned,Manoj Pillai,2025-02-22 18:24:21,2025-02-22 18:24:26,8726818924,406,Spark Plug
Answered,Manoj Pillai,2024-08-28 09:27:45,2024-08-28 09:29:28,7910583890,27,Towing
Answered,Divya Menon,2024-08-04 11:43:23,2024-08-04 11:45:16,9163443043,65,Brakes
Advanced,Sneha Iyer,2025-11-05 04:55:19,2025-11-05 05:31:03,9669605245,1,Brakes
Advanced,Suresh Babu,2025-07-21 15:10:03,2025-07-21 15:43:39,7336511054,43,Lighting
Diverted,Ananya Nair,2025-04-02 08:41:48,2025-04-02 08:51:00,9503648753,64,Wiper
Answered,Karthik Rao,2024-12-20 17:32:53,2024-12-20 17:38:59,8476049815,73,Towing
Answered,Arjun Mehta,2025-12-02 08:06:04,2025-12-02 08:08:52,8074430313,78,Lighting
Answered,Pooja Reddy,2024-08-08 09:28:52,2024-08-08 09:48:19,8698361539,16,Brakes
Answered,Divya Menon,2025-11-01 02:43:56,2025-11-01 02:53:35,7001883514,160,Towing
Diverted,Aditya Singh,2026-06-12 02:49:46,2026-06-12 02:57:22,9468668879,98,Wiper
Answered,Manoj Pillai,2025-03-04 10:29:47,2025-03-04 10:36:19,8153823385,1,Filter
Failed,Lakshmi Krishnan,2023-10-23 21:03:58,2023-10-23 21:03:58,9326653646,121,Filter
Failed,Manoj Pillai,2026-02-12 20:48:54,2026-02-12 20:48:54,9816018171,163,Brakes
Diverted,Lakshmi Krishnan,2023-02-09 12:37:53,2023-02-09 12:45:09,9092186393,98,Towing
Failed,Arjun Mehta,2025-10-20 11:39:50,2025-10-20 11:39:50,8390192784,196,Spark Plug
Failed,Divya Menon,2025-10-27 12:04:21,2025-10-27 12:04:21,9308778661,177,Spark Plug
Answered,Suresh Babu,2025-02-18 07:20:59,2025-02-18 07:44:42,7741010979,179,Spark Plug
Diverted,Lakshmi Krishnan,2026-06-12 05:10:03,2026-06-12 05:15:21,9531107870,25,Spark Plug
Abandoned,Manoj Pillai,2023-08-09 14:20:39,2023-08-09 14:20:39,8412639009,446,Towing
Answered,Priya Sharma,2023-01-09 05:49:58,2023-01-09 06:11:03,8990162545,148,Brakes
Answered,Divya Menon,2025-04-23 18:21:53,2025-04-23 18:38:07,8756744316,106,Wiper
Advanced,Lakshmi Krishnan,2025-05-30 14:04:47,2025-05-30 14:23:41,9104357279,265,Wiper
Answered,Priya Sharma,2026-05-14 15:53:37,2026-05-14 16:02:59,8251929964,136,Towing
Answered,Meera Pillai,2025-03-08 19:09:55,2025-03-08 19:38:22,8537709578,53,Brakes
Answered,Lakshmi Krishnan,2023-10-11 20:24:05,2023-10-11 20:25:57,8731774126,85,Lighting
Diverted,Ravi Kumar,2024-11-05 13:40:11,2024-11-05 13:41:00,8886970988,30,Lighting
Abandoned,Sneha Iyer,2023-10-03 09:55:05,2023-10-03 09:55:09,8146632118,194,Towing
Failed,Sneha Iyer,2025-02-08 09:36:49,2025-02-08 09:36:49,9887071684,40,Towing
Answered,Aditya Singh,2024-04-14 20:47:58,2024-04-14 21:05:12,9928418279,174,Wiper
Failed,Sneha Iyer,2024-06-29 01:40:16,2024-06-29 01:40:16,8846100638,141,Brakes
Advanced,Rahul Verma,2023-07-05 16:00:19,2023-07-05 16:31:49,8089341038,126,Spark Plug
Advanced,Sneha Iyer,2024-07-30 20:56:26,2024-07-30 21:19:05,9351338321,41,Brakes
Answered,Divya Menon,2023-09-12 09:41:55,2023-09-12 10:09:01,8853807799,143,Brakes
Failed,Divya Menon,2024-11-04 11:53:45,2024-11-04 11:53:45,8033973612,98,Lighting
Answered,Aditya Singh,2023-12-19 07:26:51,2023-12-19 07:53:58,9785139906,94,Towing
Answered,Pooja Reddy,2023-04-03 23:21:35,2023-04-03 23:24:43,9426389865,172,Spark Plug
Answered,Karthik Rao,2024-09-26 03:55:40,2024-09-26 04:01:48,7235603559,115,Filter
Advanced,Aditya Singh,2025-05-25 10:29:52,2025-05-25 10:38:54,7202730755,93,Towing
Answered,Ravi Kumar,2024-08-21 09:06:16,2024-08-21 09:22:56,9227566315,74,Brakes
Abandoned,Vikram Das,2024-05-23 04:56:21,2024-05-23 04:56:23,9993950821,320,Wiper
Answered,Karthik Rao,2025-11-30 01:14:49,2025-11-30 01:27:27,7518806314,169,Filter
Answered,Vikram Das,2023-03-03 13:14:27,2023-03-03 13:30:29,8358580333,124,Lighting
Diverted,Karthik Rao,2024-02-25 11:50:55,2024-02-25 11:54:02,8257076255,19,Wiper
Advanced,Lakshmi Krishnan,2024-10-28 01:49:46,2024-10-28 01:59:05,8260893455,43,Towing
Answered,Rahul Verma,2025-08-05 22:57:48,2025-08-05 23:07:37,9703296266,148,Lighting
Diverted,Karthik Rao,2023-07-18 07:27:32,2023-07-18 07:31:15,8650551983,100,Wiper
Advanced,Rahul Verma,2023-02-03 03:28:30,2023-02-03 03:53:18,8015186838,191,Wiper
Diverted,Rahul Verma,2026-04-25 00:04:46,2026-04-25 00:05:41,9211951592,39,Lighting
Abandoned,Arjun Mehta,2024-01-24 14:58:27,2024-01-24 14:58:28,7360112035,163,Brakes
Answered,Ravi Kumar,2023-04-26 02:39:07,2023-04-26 02:44:21,9332113895,135,Filter
Diverted,Suresh Babu,2025-08-07 01:49:30,2025-08-07 01:50:19,8424675470,38,Lighting
Advanced,Priya Sharma,2024-06-15 10:12:41,2024-06-15 11:00:23,7131223626,111,Lighting
Answered,Lakshmi Krishnan,2026-01-18 13:16:31,2026-01-18 13:36:38,9979759153,30,Filter
Answered,Divya Menon,2025-12-17 23:01:48,2025-12-17 23:25:10,7655939523,32,Wiper
Diverted,Vikram Das,2023-01-02 11:35:59,2023-01-02 11:41:29,7029623743,53,Filter
Failed,Aditya Singh,2024-06-03 10:03:56,2024-06-03 10:03:56,9139801141,138,Lighting
Advanced,Meera Pillai,2025-04-13 10:32:07,2025-04-13 10:56:56,9162444234,11,Wiper
Diverted,Priya Sharma,2025-01-16 22:17:32,2025-01-16 22:22:00,9176344650,16,Towing
Failed,Ananya Nair,2023-05-07 17:18:30,2023-05-07 17:18:30,8383540305,95,Towing
Abandoned,Karthik Rao,2024-01-30 17:27:02,2024-01-30 17:27:06,9173888871,186,Spark Plug
Advanced,Manoj Pillai,2025-10-02 08:02:57,2025-10-02 08:19:57,8995032371,254,Spark Plug
Answered,Vikram Das,2024-05-22 10:18:29,2024-05-22 10:26:56,7470615909,68,Spark Plug
Answered,Meera Pillai,2024-01-26 00:06:33,2024-01-26 00:24:58,8471859082,57,Spark Plug
Failed,Priya Sharma,2024-03-02 12:02:19,2024-03-02 12:02:19,8472899946,72,Brakes
Advanced,Lakshmi Krishnan,2024-12-12 20:03:33,2024-12-12 20:30:44,9590618004,253,Towing
Answered,Suresh Babu,2023-10-02 12:02:52,2023-10-02 12:20:32,9803764876,102,Wiper
Abandoned,Arjun Mehta,2023-08-31 06:25:31,2023-08-31 06:25:31,9344060882,107,Wiper
Diverted,Manoj Pillai,2026-02-18 08:06:53,2026-02-18 08:15:28,7564144273,79,Brakes
Abandoned,Lakshmi Krishnan,2023-05-25 19:09:46,2023-05-25 19:09:47,9896314712,101,Brakes
Diverted,Rahul Verma,2026-04-21 16:23:34,2026-04-21 16:26:14,8691508303,19,Lighting
Advanced,Karthik Rao,2024-02-21 19:42:39,2024-02-21 20:03:45,7510539162,51,Filter
Answered,Arjun Mehta,2025-04-11 09:38:42,2025-04-11 09:52:30,7221078647,127,Lighting
Abandoned,Priya Sharma,2023-10-12 12:05:33,2023-10-12 12:05:35,7993326113,405,Lighting
Abandoned,Lakshmi Krishnan,2023-12-21 16:28:35,2023-12-21 16:28:35,9175779340,154,Lighting
Diverted,Priya Sharma,2023-12-23 11:29:08,2023-12-23 11:35:17,7069473443,71,Wiper
Failed,Karthik Rao,2025-08-08 00:07:05,2025-08-08 00:07:05,8397473185,171,Wiper
Answered,Arjun Mehta,2026-03-08 14:05:29,2026-03-08 14:26:58,9669225132,17,Lighting
Abandoned,Karthik Rao,2023-12-04 11:54:30,2023-12-04 11:54:35,7347365957,364,Wiper
Answered,Aditya Singh,2025-03-02 18:27:41,2025-03-02 18:44:23,8155918188,131,Wiper
Answered,Lakshmi Krishnan,2024-05-24 14:47:57,2024-05-24 15:11:31,7526007997,111,Brakes
Abandoned,Ananya Nair,2025-01-06 09:13:33,2025-01-06 09:13:34,8713365654,399,Lighting
Advanced,Suresh Babu,2023-09-15 23:39:47,2023-09-15 23:47:12,8043357207,239,Towing
Diverted,Ananya Nair,2024-08-17 03:54:06,2024-08-17 03:57:59,7886332308,56,Brakes
Answered,Arjun Mehta,2023-08-19 04:52:02,2023-08-19 04:59:20,9216517472,180,Lighting
Abandoned,Vikram Das,2025-03-14 15:27:29,2025-03-14 15:27:33,7093227075,247,Towing
Failed,Karthik Rao,2024-02-04 07:44:35,2024-02-04 07:44:35,9715730593,85,Towing
Abandoned,Ravi Kumar,2023-01-22 14:04:49,2023-01-22 14:04:50,7229380553,141,Towing
Abandoned,Meera Pillai,2026-03-19 17:11:26,2026-03-19 17:11:28,7933658211,413,Filter
Abandoned,Suresh Babu,2023-08-21 13:45:33,2023-08-21 13:45:33,9725900241,256,Brakes
Abandoned,Manoj Pillai,2023-05-21 15:14:07,2023-05-21 15:14:07,8194008323,235,Towing
Advanced,Sneha Iyer,2023-11-05 04:18:37,2023-11-05 04:24:16,9239912101,171,Lighting
Failed,Priya Sharma,2025-10-04 10:41:23,2025-10-04 10:41:23,8360339897,7,Towing
Failed,Vikram Das,2023-02-09 03:12:24,2023-02-09 03:12:24,9366619975,91,Spark Plug
Answered,Lakshmi Krishnan,2025-09-28 07:09:17,2025-09-28 07:22:47,8004855450,136,Brakes
Failed,Meera Pillai,2025-04-28 17:37:14,2025-04-28 17:37:14,7923766109,173,Lighting
Diverted,Ananya Nair,2025-01-14 09:41:16,2025-01-14 09:51:10,8899370414,32,Filter
Answered,Priya Sharma,2026-03-12 17:20:20,2026-03-12 17:25:24,7702502121,12,Wiper
Failed,Sneha Iyer,2024-07-10 01:00:29,2024-07-10 01:00:29,9715763740,155,Brakes
Failed,Rahul Verma,2023-01-12 22:23:11,2023-01-12 22:23:11,8819845812,161,Lighting
Answered,Aditya Singh,2025-10-18 15:44:56,2025-10-18 16:06:19,9295691713,7,Brakes
Answered,Vikram Das,2024-01-02 10:44:44,2024-01-02 11:06:34,8470605067,53,Lighting
Answered,Priya Sharma,2023-09-23 20:45:27,2023-09-23 20:54:20,8101096777,145,Wiper
Abandoned,Priya Sharma,2026-04-14 10:37:49,2026-04-14 10:37:50,8104240898,219,Filter
Answered,Ananya Nair,2025-11-08 20:18:23,2025-11-08 20:21:56,7399510704,126,Lighting
Advanced,Ananya Nair,2025-10-18 13:26:22,2025-10-18 13:46:51,7262009459,289,Wiper
Abandoned,Meera Pillai,2026-06-26 23:49:46,2026-06-26 23:49:48,9472281450,282,Wiper
Answered,Vikram Das,2023-09-12 07:55:50,2023-09-12 08:20:52,7803199946,69,Lighting
Failed,Lakshmi Krishnan,2026-01-20 16:52:25,2026-01-20 16:52:25,9448067484,121,Spark Plug
Answered,Aditya Singh,2025-08-31 13:03:50,2025-08-31 13:19:23,9152313302,32,Towing
Answered,Manoj Pillai,2024-05-08 02:27:59,2024-05-08 02:54:32,7335044961,102,Wiper
Failed,Meera Pillai,2025-07-13 23:31:10,2025-07-13 23:31:10,7487702380,69,Lighting
Failed,Manoj Pillai,2023-04-23 10:26:57,2023-04-23 10:26:57,9341790016,33,Brakes
Answered,Lakshmi Krishnan,2025-07-18 23:37:32,2025-07-18 23:40:37,7556034464,153,Brakes
Advanced,Lakshmi Krishnan,2026-04-13 22:45:23,2026-04-13 23:06:19,9355876446,194,Filter
Diverted,Meera Pillai,2025-10-26 23:51:49,2025-10-26 23:59:45,7406036905,77,Towing
Answered,Ravi Kumar,2025-05-22 05:16:23,2025-05-22 05:39:18,7758542127,31,Lighting
Diverted,Pooja Reddy,2025-05-26 10:35:42,2025-05-26 10:44:05,9070021012,80,Brakes
Failed,Pooja Reddy,2024-06-22 17:57:55,2024-06-22 17:57:55,9976930365,124,Lighting
Diverted,Ananya Nair,2026-04-14 13:06:12,2026-04-14 13:15:54,7139303583,101,Filter
Diverted,Divya Menon,2023-12-07 01:13:46,2023-12-07 01:15:54,7150614413,46,Lighting
Diverted,Priya Sharma,2026-05-02 16:35:22,2026-05-02 16:39:45,7016445868,25,Brakes
Advanced,Lakshmi Krishnan,2026-04-15 15:35:01,2026-04-15 15:58:33,9414301179,181,Towing
Abandoned,Pooja Reddy,2026-01-17 18:00:02,2026-01-17 18:00:04,7597534364,349,Towing
Diverted,Lakshmi Krishnan,2023-07-24 08:56:47,2023-07-24 08:58:22,8344146328,7,Brakes
Abandoned,Ravi Kumar,2025-05-16 14:01:27,2025-05-16 14:01:28,8433676544,68,Wiper
Advanced,Ananya Nair,2026-01-12 09:59:10,2026-01-12 10:48:56,8277632384,6,Brakes
Advanced,Aditya Singh,2026-05-19 03:46:13,2026-05-19 04:26:30,9311574192,76,Brakes
Failed,Vikram Das,2024-08-02 11:34:02,2024-08-02 11:34:02,8782702856,159,Filter
Advanced,Aditya Singh,2025-10-19 13:44:18,2025-10-19 14:07:41,9471593047,225,Wiper
Failed,Divya Menon,2026-02-21 05:03:44,2026-02-21 05:03:44,8721135279,91,Towing
Diverted,Meera Pillai,2024-02-11 19:20:14,2024-02-11 19:27:27,7864548784,45,Filter
Advanced,Suresh Babu,2026-03-05 23:31:49,2026-03-06 00:00:05,9870590002,40,Filter
Diverted,Arjun Mehta,2025-11-29 15:02:06,2025-11-29 15:05:20,8325405725,22,Wiper
Diverted,Aditya Singh,2024-11-02 11:45:59,2024-11-02 11:50:35,7463627862,27,Filter
Advanced,Arjun Mehta,2023-01-17 07:13:33,2023-01-17 07:29:21,7607328833,214,Filter
Abandoned,Aditya Singh,2023-09-05 18:30:36,2023-09-05 18:30:37,9803156127,135,Filter
Diverted,Ravi Kumar,2024-03-24 21:52:08,2024-03-24 22:01:19,9132381951,45,Filter
Diverted,Divya Menon,2025-02-09 03:43:02,2025-02-09 03:44:43,9140436643,113,Brakes
Diverted,Meera Pillai,2025-10-14 12:51:49,2025-10-14 12:53:20,8968260171,8,Lighting
Answered,Rahul Verma,2023-03-30 20:11:39,2023-03-30 20:19:28,9938179622,71,Wiper
Answered,Suresh Babu,2025-04-19 03:54:40,2025-04-19 04:24:13,8005160166,20,Lighting
Answered,Ananya Nair,2023-05-08 20:06:17,2023-05-08 20:23:06,7560043082,16,Spark Plug
Answered,Lakshmi Krishnan,2026-02-20 04:19:36,2026-02-20 04:26:23,8956597166,18,Wiper
Answered,Divya Menon,2024-08-24 19:56:54,2024-08-24 20:26:51,7097986574,114,Spark Plug
Failed,Meera Pillai,2023-09-17 00:53:55,2023-09-17 00:53:55,7824543400,187,Wiper
Diverted,Ananya Nair,2025-07-24 10:18:52,2025-07-24 10:23:20,7902335068,31,Lighting
Abandoned,Sneha Iyer,2025-11-17 12:05:20,2025-11-17 12:05:20,9014262535,313,Spark Plug
Failed,Priya Sharma,2025-07-31 06:26:27,2025-07-31 06:26:27,9411472906,46,Towing
Abandoned,Vikram Das,2026-06-17 18:18:54,2026-06-17 18:18:54,7409990410,365,Brakes
Answered,Pooja Reddy,2023-05-23 12:46:38,2023-05-23 12:54:33,7211447393,41,Lighting
Answered,Vikram Das,2026-06-13 17:44:52,2026-06-13 18:11:48,8459222872,121,Filter
Failed,Vikram Das,2024-03-15 23:33:19,2024-03-15 23:33:19,9329847871,96,Lighting
Answered,Rahul Verma,2026-02-17 03:16:49,2026-02-17 03:23:13,8663395805,86,Filter
Failed,Manoj Pillai,2024-01-09 21:57:46,2024-01-09 21:57:46,7356165442,145,Brakes
Failed,Aditya Singh,2025-10-19 13:09:29,2025-10-19 13:09:29,9309237017,149,Brakes
Answered,Lakshmi Krishnan,2025-07-05 16:18:18,2025-07-05 16:42:25,7371497099,85,Brakes
Abandoned,Pooja Reddy,2023-11-26 12:17:05,2023-11-26 12:17:08,9480928909,431,Spark Plug
Advanced,Priya Sharma,2025-09-18 03:44:47,2025-09-18 04:19:47,7384716751,243,Brakes
Abandoned,Arjun Mehta,2024-04-09 01:16:29,2024-04-09 01:16:29,8280603202,199,Spark Plug
Failed,Ravi Kumar,2025-08-21 06:12:57,2025-08-21 06:12:57,7606396875,98,Brakes
Answered,Lakshmi Krishnan,2024-03-14 09:28:24,2024-03-14 09:51:54,9306207283,99,Spark Plug
Answered,Divya Menon,2026-05-09 15:22:16,2026-05-09 15:48:36,9433552803,113,Filter
Abandoned,Lakshmi Krishnan,2024-01-27 02:23:27,2024-01-27 02:23:32,7631742743,389,Spark Plug
Failed,Pooja Reddy,2024-09-28 20:37:21,2024-09-28 20:37:21,8429301181,200,Wiper
Advanced,Rahul Verma,2023-06-30 17:48:53,2023-06-30 18:08:37,9913343064,123,Brakes
Failed,Sneha Iyer,2023-01-31 20:25:13,2023-01-31 20:25:13,7847989208,180,Towing
Failed,Ravi Kumar,2026-05-17 19:09:23,2026-05-17 19:09:23,8490819591,73,Spark Plug
Advanced,Priya Sharma,2024-10-13 22:32:24,2024-10-13 22:57:57,7434681401,166,Wiper
Abandoned,Arjun Mehta,2023-07-04 19:38:57,2023-07-04 19:39:00,7596163357,467,Brakes
Abandoned,Suresh Babu,2024-03-21 15:07:10,2024-03-21 15:07:10,9653132063,136,Lighting
Abandoned,Divya Menon,2024-01-07 22:36:27,2024-01-07 22:36:32,9619563985,355,Filter
Abandoned,Suresh Babu,2024-04-27 00:09:15,2024-04-27 00:09:19,9821937000,283,Towing
Abandoned,Ananya Nair,2025-10-26 02:01:39,2025-10-26 02:01:43,8440520806,389,Filter
Advanced,Priya Sharma,2023-12-30 02:29:26,2023-12-30 03:19:22,7266358681,129,Brakes
Failed,Ananya Nair,2025-09-20 13:49:37,2025-09-20 13:49:37,8339656248,70,Brakes
Failed,Lakshmi Krishnan,2025-07-04 05:21:54,2025-07-04 05:21:54,9120106276,130,Spark Plug
Abandoned,Divya Menon,2025-05-28 00:07:00,2025-05-28 00:07:01,8266762665,87,Spark Plug
Advanced,Priya Sharma,2025-09-13 00:38:48,2025-09-13 00:57:26,8133825093,72,Towing
Diverted,Rahul Verma,2024-11-20 19:19:16,2024-11-20 19:20:14,8159493974,48,Filter
Abandoned,Arjun Mehta,2025-08-22 21:02:48,2025-08-22 21:02:49,7782458244,367,Wiper
Advanced,Vikram Das,2024-11-16 11:56:35,2024-11-16 12:14:09,8355723651,1,Towing
Failed,Suresh Babu,2023-08-08 17:18:58,2023-08-08 17:18:58,7620026425,143,Spark Plug
Abandoned,Divya Menon,2025-05-12 12:20:31,2025-05-12 12:20:34,8468970381,116,Filter
Failed,Sneha Iyer,2024-12-08 03:20:43,2024-12-08 03:20:43,7751754613,54,Lighting
Answered,Lakshmi Krishnan,2024-02-04 23:17:06,2024-02-04 23:33:50,8605210611,160,Wiper
Abandoned,Priya Sharma,2025-01-20 12:05:31,2025-01-20 12:05:35,9592966753,299,Brakes
Failed,Arjun Mehta,2025-03-11 18:06:55,2025-03-11 18:06:55,7992338097,191,Lighting
Answered,Aditya Singh,2023-07-20 07:04:44,2023-07-20 07:30:33,8646266748,119,Filter
Failed,Vikram Das,2024-05-09 19:35:09,2024-05-09 19:35:09,9222218907,81,Lighting
Abandoned,Arjun Mehta,2026-03-10 18:50:55,2026-03-10 18:50:58,7588471188,291,Lighting
Failed,Pooja Reddy,2026-01-03 04:31:59,2026-01-03 04:31:59,8991410986,92,Spark Plug
Diverted,Suresh Babu,2025-05-08 10:06:23,2025-05-08 10:14:53,7983125448,73,Towing
Abandoned,Meera Pillai,2023-10-14 11:28:41,2023-10-14 11:28:44,7925727699,72,Brakes
Abandoned,Manoj Pillai,2023-07-11 15:22:24,2023-07-11 15:22:28,7208721322,92,Brakes
Failed,Ravi Kumar,2026-01-13 00:58:37,2026-01-13 00:58:37,7677711779,2,Towing
Diverted,Vikram Das,2023-04-07 18:03:44,2023-04-07 18:04:39,8795945890,24,Spark Plug
Advanced,Aditya Singh,2026-02-13 15:50:53,2026-02-13 16:17:52,9980670557,7,Brakes
Advanced,Rahul Verma,2026-03-14 11:00:38,2026-03-14 11:48:53,9983106492,136,Towing
Answered,Sneha Iyer,2023-10-02 19:14:37,2023-10-02 19:30:37,7020647056,31,Towing
Diverted,Divya Menon,2024-02-06 00:21:41,2024-02-06 00:25:03,8195817737,10,Wiper
Answered,Lakshmi Krishnan,2023-06-08 20:00:55,2023-06-08 20:15:49,7557225778,86,Wiper
Advanced,Ananya Nair,2023-05-27 14:24:06,2023-05-27 14:48:06,8473906972,2,Towing
Answered,Aditya Singh,2025-05-13 07:33:34,2025-05-13 07:50:05,9249824694,47,Towing
Advanced,Lakshmi Krishnan,2023-10-30 20:48:50,2023-10-30 21:19:04,8677706719,190,Spark Plug
Advanced,Karthik Rao,2025-05-24 18:47:51,2025-05-24 19:26:34,8245610242,86,Filter
Answered,Priya Sharma,2025-10-05 02:00:34,2025-10-05 02:29:00,8339670588,17,Towing
Answered,Aditya Singh,2023-07-09 16:00:09,2023-07-09 16:15:59,9154577325,44,Filter
Diverted,Aditya Singh,2024-09-14 12:29:25,2024-09-14 12:31:06,9267719464,33,Wiper
Answered,Sneha Iyer,2024-07-27 11:59:52,2024-07-27 12:17:27,7219020802,134,Filter
Diverted,Priya Sharma,2026-03-31 00:57:45,2026-03-31 01:02:24,7253936630,120,Towing
Failed,Aditya Singh,2024-06-24 20:51:41,2024-06-24 20:51:41,8501393124,122,Brakes
Advanced,Ravi Kumar,2025-10-20 06:31:08,2025-10-20 06:50:23,9277758914,168,Filter
Advanced,Manoj Pillai,2024-01-31 06:20:37,2024-01-31 06:46:36,9630020362,54,Spark Plug
Answered,Meera Pillai,2025-09-24 15:46:09,2025-09-24 16:03:03,9969530318,29,Lighting
Advanced,Priya Sharma,2023-05-16 07:45:17,2023-05-16 08:16:18,8526401209,163,Brakes
Diverted,Karthik Rao,2025-06-28 16:19:02,2025-06-28 16:23:06,7329507964,42,Wiper
Abandoned,Arjun Mehta,2025-12-07 17:25:16,2025-12-07 17:25:20,7231109542,306,Towing
Failed,Aditya Singh,2026-06-04 16:13:40,2026-06-04 16:13:40,7888995305,30,Lighting
Abandoned,Sneha Iyer,2023-02-15 09:38:52,2023-02-15 09:38:56,7800411115,124,Filter
Abandoned,Ravi Kumar,2025-06-19 00:46:54,2025-06-19 00:46:57,9037823457,270,Towing
Failed,Ravi Kumar,2023-11-25 15:27:42,2023-11-25 15:27:42,8634299582,55,Filter
Failed,Karthik Rao,2023-03-09 09:13:23,2023-03-09 09:13:23,7693911343,199,Lighting
Diverted,Ananya Nair,2025-02-25 00:20:18,2025-02-25 00:23:24,8831385404,115,Brakes
Diverted,Manoj Pillai,2023-02-20 20:51:54,2023-02-20 20:55:03,8110450474,32,Wiper
Advanced,Meera Pillai,2024-06-03 23:59:13,2024-06-04 00:23:38,8665447626,123,Towing
Diverted,Rahul Verma,2024-08-06 14:25:02,2024-08-06 14:31:29,9295265939,55,Wiper
Advanced,Karthik Rao,2024-09-28 00:54:55,2024-09-28 01:33:44,8820471855,11,Wiper
Abandoned,Lakshmi Krishnan,2025-07-24 23:11:32,2025-07-24 23:11:37,7424983147,100,Brakes
Abandoned,Manoj Pillai,2025-10-29 17:25:50,2025-10-29 17:25:51,7251483106,448,Filter
Diverted,Karthik Rao,2024-10-02 23:02:47,2024-10-02 23:04:00,7540943338,107,Filter
Failed,Pooja Reddy,2025-09-10 09:54:21,2025-09-10 09:54:21,7125110604,26,Brakes
Answered,Meera Pillai,2024-03-03 10:58:37,2024-03-03 11:14:58,9101760959,168,Wiper
Advanced,Rahul Verma,2026-05-29 17:01:09,2026-05-29 17:22:27,7778586647,200,Filter
Abandoned,Rahul Verma,2025-03-27 17:02:02,2025-03-27 17:02:07,7379529527,118,Brakes
Answered,Ravi Kumar,2024-05-09 14:28:10,2024-05-09 14:48:44,7174828325,147,Filter
Answered,Karthik Rao,2026-06-17 08:38:50,2026-06-17 08:46:53,8422955864,105,Spark Plug
Diverted,Rahul Verma,2023-07-24 11:23:57,2023-07-24 11:33:44,8025044027,13,Wiper
Failed,Aditya Singh,2024-03-15 19:54:38,2024-03-15 19:54:38,7022762125,187,Towing
Diverted,Arjun Mehta,2024-10-23 17:34:51,2024-10-23 17:43:47,7190479297,116,Spark Plug
Failed,Divya Menon,2023-06-30 14:14:58,2023-06-30 14:14:58,7800160056,95,Filter
Abandoned,Rahul Verma,2025-10-21 17:21:34,2025-10-21 17:21:35,8001346536,196,Filter
Failed,Vikram Das,2025-08-17 15:38:55,2025-08-17 15:38:55,7650929971,184,Wiper
Abandoned,Priya Sharma,2025-03-06 06:55:22,2025-03-06 06:55:26,8354341798,240,Lighting
Answered,Arjun Mehta,2026-06-23 02:40:34,2026-06-23 03:06:26,8748727317,176,Lighting
Answered,Priya Sharma,2025-07-11 15:45:34,2025-07-11 16:02:56,8198390695,35,Towing
Diverted,Suresh Babu,2025-07-24 09:54:34,2025-07-24 09:55:15,9552423834,89,Wiper
Answered,Ananya Nair,2026-04-01 02:11:30,2026-04-01 02:16:49,9558257857,132,Spark Plug
Abandoned,Pooja Reddy,2023-07-17 11:01:09,2023-07-17 11:01:09,8197028167,157,Filter
Abandoned,Vikram Das,2023-07-02 13:33:46,2023-07-02 13:33:48,9826742864,325,Brakes
Advanced,Pooja Reddy,2025-01-22 19:16:21,2025-01-22 19:43:13,7509632444,42,Lighting
Failed,Ravi Kumar,2026-04-25 19:08:30,2026-04-25 19:08:30,7535897085,101,Filter
Abandoned,Karthik Rao,2026-01-04 15:59:25,2026-01-04 15:59:28,8677391833,109,Spark Plug
Failed,Arjun Mehta,2025-10-18 11:16:11,2025-10-18 11:16:11,7489917896,100,Brakes
Advanced,Arjun Mehta,2024-05-24 07:57:32,2024-05-24 08:02:47,8958227544,222,Spark Plug
Abandoned,Meera Pillai,2025-04-01 09:10:02,2025-04-01 09:10:07,7271656998,353,Lighting
Abandoned,Ravi Kumar,2025-01-10 05:26:53,2025-01-10 05:26:56,9992919286,401,Spark Plug
Diverted,Aditya Singh,2026-02-09 16:30:57,2026-02-09 16:34:05,8109953339,55,Spark Plug
Advanced,Ravi Kumar,2026-02-16 21:43:11,2026-02-16 22:29:19,8915249243,160,Towing
Failed,Lakshmi Krishnan,2024-11-14 02:10:26,2024-11-14 02:10:26,8756972232,195,Spark Plug
Answered,Priya Sharma,2025-06-02 10:20:20,2025-06-02 10:42:38,9002736056,165,Brakes
Failed,Sneha Iyer,2026-06-24 17:21:43,2026-06-24 17:21:43,9828839787,199,Lighting
Answered,Karthik Rao,2023-09-11 05:41:47,2023-09-11 05:57:52,9999573461,99,Brakes
Answered,Pooja Reddy,2025-03-18 01:20:27,2025-03-18 01:43:18,8766226913,55,Wiper
Abandoned,Manoj Pillai,2023-01-25 09:01:49,2023-01-25 09:01:54,7184493831,284,Towing
Answered,Arjun Mehta,2025-03-07 21:11:53,2025-03-07 21:18:15,9543378059,167,Towing
Advanced,Divya Menon,2024-04-26 02:21:43,2024-04-26 02:54:57,9974379624,240,Brakes
Answered,Ravi Kumar,2024-08-26 22:09:56,2024-08-26 22:31:26,9690414105,106,Spark Plug
Failed,Divya Menon,2023-02-01 02:30:23,2023-02-01 02:30:23,9848357981,188,Spark Plug
Failed,Priya Sharma,2026-02-18 11:58:25,2026-02-18 11:58:25,9605222320,20,Filter
Advanced,Priya Sharma,2026-05-14 10:52:10,2026-05-14 11:05:16,9354976686,285,Filter
Diverted,Priya Sharma,2026-05-27 18:16:26,2026-05-27 18:23:34,9002524736,2,Lighting
Answered,Vikram Das,2025-06-06 21:27:12,2025-06-06 21:38:51,7321649071,158,Filter
Advanced,Aditya Singh,2024-10-09 14:19:05,2024-10-09 14:33:19,7509739016,74,Brakes
Diverted,Aditya Singh,2023-09-04 01:00:14,2023-09-04 01:09:13,8031426582,71,Wiper
Diverted,Rahul Verma,2026-02-19 20:06:39,2026-02-19 20:09:48,8672380272,118,Brakes
Answered,Arjun Mehta,2023-02-15 17:04:34,2023-02-15 17:17:04,8205804382,9,Towing
Failed,Sneha Iyer,2024-02-19 20:33:40,2024-02-19 20:33:40,7640157209,53,Spark Plug
Failed,Ananya Nair,2026-06-03 07:01:46,2026-06-03 07:01:46,9408808989,159,Brakes
Abandoned,Manoj Pillai,2025-07-30 14:14:24,2025-07-30 14:14:27,9073501587,478,Spark Plug
Answered,Ananya Nair,2023-07-18 05:04:43,2023-07-18 05:13:41,8517048480,165,Spark Plug
Failed,Meera Pillai,2025-05-20 17:04:12,2025-05-20 17:04:12,7494827569,13,Lighting
Advanced,Arjun Mehta,2024-12-30 09:34:04,2024-12-30 09:44:57,7810573143,97,Brakes
Abandoned,Arjun Mehta,2024-07-31 12:45:38,2024-07-31 12:45:42,8246762408,409,Spark Plug
Diverted,Pooja Reddy,2025-10-17 19:22:05,2025-10-17 19:23:44,7803682100,25,Spark Plug
Diverted,Lakshmi Krishnan,2023-12-23 13:39:32,2023-12-23 13:43:06,8715848241,103,Towing
Abandoned,Arjun Mehta,2025-06-27 07:05:08,2025-06-27 07:05:13,9579222294,291,Spark Plug
Abandoned,Suresh Babu,2023-10-25 19:37:17,2023-10-25 19:37:20,9358933910,354,Brakes
Advanced,Ananya Nair,2023-01-19 11:48:48,2023-01-19 12:29:06,9507048067,275,Lighting
Advanced,Ananya Nair,2023-12-01 20:29:32,2023-12-01 21:18:52,8878463193,248,Towing
Answered,Lakshmi Krishnan,2026-01-11 09:44:04,2026-01-11 10:03:58,7701360620,39,Towing
Answered,Priya Sharma,2025-10-17 07:40:30,2025-10-17 07:51:53,9513524676,168,Filter
Advanced,Vikram Das,2024-03-15 17:27:07,2024-03-15 17:39:49,8071153098,196,Brakes
Failed,Rahul Verma,2025-11-22 16:04:40,2025-11-22 16:04:40,8249498323,161,Brakes
Answered,Sneha Iyer,2023-01-05 08:51:23,2023-01-05 09:00:27,7779464012,106,Wiper
Failed,Divya Menon,2024-02-08 15:56:54,2024-02-08 15:56:54,7977318556,127,Filter
Diverted,Ravi Kumar,2025-09-26 15:24:12,2025-09-26 15:30:01,9690137295,91,Towing
Failed,Suresh Babu,2025-01-25 22:11:06,2025-01-25 22:11:06,8074234001,152,Brakes
Diverted,Priya Sharma,2026-06-24 02:21:14,2026-06-24 02:24:33,7105649793,38,Towing
Answered,Lakshmi Krishnan,2024-10-01 19:25:39,2024-10-01 19:47:21,8368000818,165,Brakes
Abandoned,Pooja Reddy,2023-09-27 06:34:06,2023-09-27 06:34:09,9158870144,399,Filter
Advanced,Meera Pillai,2025-10-12 03:21:35,2025-10-12 03:56:54,9087188596,265,Lighting
Abandoned,Vikram Das,2023-05-06 23:09:28,2023-05-06 23:09:28,7828780981,276,Spark Plug
Diverted,Lakshmi Krishnan,2023-10-14 06:25:48,2023-10-14 06:32:53,9311253591,46,Filter
Diverted,Manoj Pillai,2025-05-22 00:26:45,2025-05-22 00:27:51,8313350242,100,Towing
Failed,Manoj Pillai,2023-10-23 06:22:01,2023-10-23 06:22:01,7535586860,59,Brakes
Answered,Priya Sharma,2023-09-17 06:07:54,2023-09-17 06:33:08,9379564286,74,Wiper
Advanced,Priya Sharma,2025-09-08 17:44:18,2025-09-08 18:31:26,9095515277,8,Lighting
Abandoned,Rahul Verma,2024-07-27 08:07:46,2024-07-27 08:07:50,8460296979,176,Lighting
Failed,Ananya Nair,2023-08-08 05:29:34,2023-08-08 05:29:34,8889665743,174,Filter
Answered,Sneha Iyer,2023-11-12 21:38:10,2023-11-12 22:04:17,8783431704,76,Wiper
Answered,Aditya Singh,2023-02-03 14:39:27,2023-02-03 14:49:35,9102994626,149,Spark Plug
Advanced,Suresh Babu,2024-05-13 11:35:49,2024-05-13 11:39:20,7070605693,208,Spark Plug
Diverted,Aditya Singh,2023-11-21 19:32:00,2023-11-21 19:33:57,9735024061,38,Wiper
Abandoned,Ananya Nair,2023-03-28 03:01:54,2023-03-28 03:01:54,8421493156,352,Towing
Diverted,Pooja Reddy,2024-09-05 13:54:19,2024-09-05 14:02:11,7469936270,109,Wiper
Failed,Arjun Mehta,2024-04-10 21:51:26,2024-04-10 21:51:26,7753582975,53,Lighting
Answered,Divya Menon,2024-07-07 15:48:39,2024-07-07 16:09:55,9133932195,70,Towing
Failed,Ravi Kumar,2023-06-10 19:05:20,2023-06-10 19:05:20,9056404404,76,Brakes
Advanced,Meera Pillai,2025-10-03 17:03:56,2025-10-03 17:14:49,8132704651,246,Lighting
Diverted,Ananya Nair,2025-01-12 08:29:53,2025-01-12 08:32:20,8824423870,7,Lighting
Failed,Aditya Singh,2023-05-14 14:15:35,2023-05-14 14:15:35,8475999591,193,Spark Plug
Diverted,Arjun Mehta,2023-03-31 15:01:34,2023-03-31 15:07:05,7072872192,52,Wiper
Answered,Suresh Babu,2025-04-26 01:57:59,2025-04-26 02:15:39,7045808290,134,Brakes
Advanced,Priya Sharma,2025-04-21 09:17:55,2025-04-21 09:32:44,9830834738,56,Towing
Diverted,Pooja Reddy,2025-07-20 23:37:15,2025-07-20 23:38:56,9023230868,86,Spark Plug
Answered,Ananya Nair,2023-05-23 02:27:07,2023-05-23 02:54:38,7983066071,177,Wiper
Advanced,Rahul Verma,2023-10-08 12:42:52,2023-10-08 13:12:58,8945518364,139,Lighting
Answered,Arjun Mehta,2023-11-06 01:27:25,2023-11-06 01:51:41,9048499359,86,Lighting
Abandoned,Sneha Iyer,2023-11-10 14:23:52,2023-11-10 14:23:54,7736815859,192,Lighting
Abandoned,Ravi Kumar,2024-02-14 22:30:09,2024-02-14 22:30:13,9938022452,476,Filter
Abandoned,Priya Sharma,2023-12-06 04:26:48,2023-12-06 04:26:53,7349785143,149,Brakes
Advanced,Pooja Reddy,2025-04-17 12:44:19,2025-04-17 12:58:22,7960052345,201,Spark Plug
Failed,Ravi Kumar,2026-02-21 23:49:06,2026-02-21 23:49:06,7597434019,113,Lighting
Diverted,Aditya Singh,2023-01-09 17:16:09,2023-01-09 17:17:16,7526023645,92,Towing
Diverted,Suresh Babu,2023-01-10 20:36:12,2023-01-10 20:37:58,9640397002,102,Brakes
Advanced,Lakshmi Krishnan,2025-01-26 09:56:34,2025-01-26 10:05:46,7755902911,292,Lighting
Diverted,Priya Sharma,2024-02-21 00:49:12,2024-02-21 00:59:10,7915954521,108,Brakes
Advanced,Rahul Verma,2025-08-27 04:16:36,2025-08-27 04:31:56,7761270598,74,Brakes
Advanced,Divya Menon,2025-02-05 05:24:20,2025-02-05 05:27:13,9754635433,284,Lighting
Abandoned,Meera Pillai,2025-03-20 05:37:54,2025-03-20 05:37:54,8287067875,497,Lighting
Advanced,Arjun Mehta,2025-09-09 11:49:30,2025-09-09 11:52:30,9558894075,105,Filter
Advanced,Meera Pillai,2025-06-06 06:42:55,2025-06-06 07:26:20,8665586556,230,Spark Plug
Answered,Lakshmi Krishnan,2025-03-09 00:06:16,2025-03-09 00:33:52,9040302478,138,Wiper
Answered,Priya Sharma,2025-03-20 13:28:59,2025-03-20 13:48:44,8141257080,136,Spark Plug
Advanced,Aditya Singh,2024-03-13 03:04:22,2024-03-13 03:09:39,9514882310,161,Towing
Answered,Karthik Rao,2025-07-21 01:48:55,2025-07-21 02:15:25,8807294677,89,Lighting
Diverted,Meera Pillai,2025-03-28 19:47:42,2025-03-28 19:49:01,8159218060,50,Brakes
Abandoned,Arjun Mehta,2024-05-08 19:45:50,2024-05-08 19:45:51,8941517272,81,Filter
Answered,Manoj Pillai,2025-06-30 07:38:15,2025-06-30 07:54:45,9478491277,8,Brakes
Advanced,Sneha Iyer,2023-03-11 08:25:28,2023-03-11 08:55:58,7080706851,131,Wiper
Advanced,Priya Sharma,2024-07-11 09:19:57,2024-07-11 09:30:04,8598134966,137,Filter
Advanced,Arjun Mehta,2025-01-04 07:13:34,2025-01-04 07:54:32,9240060920,151,Brakes
Answered,Pooja Reddy,2024-03-24 01:53:39,2024-03-24 02:12:13,9137479188,141,Lighting
Diverted,Karthik Rao,2024-04-02 10:52:27,2024-04-02 10:58:39,8593209777,4,Brakes
Advanced,Meera Pillai,2023-07-21 00:37:20,2023-07-21 01:03:22,8954255374,7,Wiper
Failed,Meera Pillai,2024-12-07 21:28:52,2024-12-07 21:28:52,9816759071,182,Spark Plug
Answered,Karthik Rao,2023-12-06 08:52:44,2023-12-06 09:20:36,8242952016,121,Spark Plug
Advanced,Meera Pillai,2023-10-20 07:53:59,2023-10-20 08:01:36,9083667465,193,Lighting
Advanced,Suresh Babu,2023-06-13 04:57:02,2023-06-13 05:11:54,9382467985,235,Lighting
Answered,Ravi Kumar,2024-07-26 04:30:44,2024-07-26 04:44:02,9101553841,97,Filter
Failed,Vikram Das,2024-03-10 03:39:08,2024-03-10 03:39:08,8242040699,131,Spark Plug
Diverted,Priya Sharma,2025-07-10 04:07:56,2025-07-10 04:13:29,9339294430,10,Spark Plug
Diverted,Pooja Reddy,2025-12-04 13:56:43,2025-12-04 14:01:43,9511639469,18,Towing
Diverted,Suresh Babu,2025-06-20 02:14:54,2025-06-20 02:15:25,9231652421,23,Wiper
Abandoned,Divya Menon,2025-08-26 02:57:29,2025-08-26 02:57:33,9418657632,294,Spark Plug
Failed,Meera Pillai,2023-02-19 03:18:28,2023-02-19 03:18:28,7567031785,54,Wiper
Advanced,Arjun Mehta,2023-05-19 09:00:10,2023-05-19 09:33:55,8005390918,78,Wiper
Advanced,Pooja Reddy,2025-04-30 12:59:21,2025-04-30 13:40:11,8331667124,19,Filter
Answered,Ravi Kumar,2025-08-02 21:10:52,2025-08-02 21:29:22,7430953164,75,Towing
Diverted,Suresh Babu,2025-08-29 00:40:50,2025-08-29 00:41:25,8865216749,109,Lighting
Advanced,Pooja Reddy,2026-06-14 01:20:21,2026-06-14 02:07:52,7648423077,202,Wiper
Advanced,Manoj Pillai,2024-07-08 06:33:09,2024-07-08 07:15:29,7606221593,173,Towing
Advanced,Pooja Reddy,2023-09-16 20:36:13,2023-09-16 21:17:27,8383156855,234,Lighting
Abandoned,Sneha Iyer,2023-07-21 20:08:26,2023-07-21 20:08:27,8987717351,482,Spark Plug
Diverted,Ananya Nair,2025-12-24 19:35:00,2025-12-24 19:40:46,7328434182,64,Towing
Advanced,Arjun Mehta,2025-08-09 07:45:33,2025-08-09 08:07:52,9165161314,187,Spark Plug
Diverted,Vikram Das,2024-02-11 13:18:27,2024-02-11 13:24:55,8087465692,43,Wiper
Diverted,Vikram Das,2023-08-02 08:05:39,2023-08-02 08:12:57,8254911030,39,Wiper
Failed,Manoj Pillai,2025-11-09 05:36:49,2025-11-09 05:36:49,7367276796,84,Towing
Failed,Priya Sharma,2024-09-12 19:24:25,2024-09-12 19:24:25,7423484232,101,Brakes
Failed,Meera Pillai,2025-06-10 10:09:00,2025-06-10 10:09:00,9252658629,58,Filter
Answered,Rahul Verma,2026-03-30 18:21:24,2026-03-30 18:47:26,9222345661,138,Filter
Diverted,Ananya Nair,2025-04-25 20:40:33,2025-04-25 20:47:44,9429876146,13,Wiper
Diverted,Lakshmi Krishnan,2025-05-06 15:59:02,2025-05-06 16:01:52,8709729492,87,Brakes
Advanced,Meera Pillai,2024-09-02 03:39:33,2024-09-02 03:57:04,7014957340,228,Spark Plug
Abandoned,Aditya Singh,2023-12-24 09:07:10,2023-12-24 09:07:11,8126778412,472,Towing
Advanced,Meera Pillai,2023-05-19 14:37:10,2023-05-19 14:42:17,8141615423,139,Lighting
Diverted,Karthik Rao,2023-08-22 09:13:50,2023-08-22 09:19:26,9456142319,7,Wiper
Advanced,Manoj Pillai,2024-05-28 13:48:44,2024-05-28 14:06:41,9619297495,42,Filter
Diverted,Arjun Mehta,2024-08-25 00:34:26,2024-08-25 00:40:46,9359864922,102,Wiper
Abandoned,Manoj Pillai,2023-06-29 03:17:10,2023-06-29 03:17:14,8293838408,399,Filter
Failed,Ravi Kumar,2026-05-13 20:27:28,2026-05-13 20:27:28,9826579505,190,Brakes
Answered,Lakshmi Krishnan,2023-02-23 22:24:49,2023-02-23 22:31:32,8932043336,61,Lighting
Abandoned,Meera Pillai,2025-02-24 00:29:19,2025-02-24 00:29:24,9671340697,224,Towing
Abandoned,Pooja Reddy,2023-01-13 08:44:57,2023-01-13 08:44:58,9409562395,222,Brakes
Abandoned,Rahul Verma,2023-06-27 01:59:13,2023-06-27 01:59:16,9139870940,377,Towing
Failed,Karthik Rao,2023-07-10 20:31:23,2023-07-10 20:31:23,8186142179,191,Towing
Abandoned,Lakshmi Krishnan,2024-12-28 20:58:41,2024-12-28 20:58:43,9195555560,128,Spark Plug
Failed,Priya Sharma,2025-09-22 09:03:25,2025-09-22 09:03:25,7282828515,111,Towing
Failed,Ananya Nair,2024-09-07 06:54:41,2024-09-07 06:54:41,8170109712,122,Wiper
Failed,Suresh Babu,2026-04-28 14:41:58,2026-04-28 14:41:58,8457835840,118,Towing
Answered,Rahul Verma,2024-02-24 16:04:03,2024-02-24 16:11:46,8384396017,105,Filter
Answered,Pooja Reddy,2023-12-29 20:19:30,2023-12-29 20:25:57,7137448700,90,Towing
Diverted,Aditya Singh,2026-03-31 04:37:34,2026-03-31 04:46:25,9466254930,52,Lighting
Advanced,Lakshmi Krishnan,2025-07-30 00:39:13,2025-07-30 00:52:38,8343735132,68,Filter
Abandoned,Aditya Singh,2026-01-07 11:40:18,2026-01-07 11:40:21,8683769180,433,Towing
Diverted,Sneha Iyer,2025-11-09 15:29:58,2025-11-09 15:34:02,7639830658,83,Brakes
Diverted,Aditya Singh,2024-07-24 18:54:03,2024-07-24 18:54:43,7216507305,38,Spark Plug
Abandoned,Arjun Mehta,2026-05-16 23:43:13,2026-05-16 23:43:17,7498430510,166,Lighting
Abandoned,Vikram Das,2025-07-26 05:24:36,2025-07-26 05:24:40,7288029935,409,Towing
Advanced,Karthik Rao,2024-04-29 18:13:56,2024-04-29 18:50:25,8268367986,183,Brakes
Diverted,Priya Sharma,2023-03-14 21:12:25,2023-03-14 21:19:40,8978290077,29,Lighting
Diverted,Manoj Pillai,2024-09-25 19:53:35,2024-09-25 19:59:48,8271028917,24,Towing
Diverted,Arjun Mehta,2024-03-02 22:02:01,2024-03-02 22:08:58,7488105816,74,Wiper
Failed,Rahul Verma,2023-03-22 03:52:07,2023-03-22 03:52:07,9635148757,0,Filter
Answered,Priya Sharma,2024-11-25 05:21:42,2024-11-25 05:25:09,7351191926,42,Lighting
Abandoned,Aditya Singh,2023-12-21 19:33:03,2023-12-21 19:33:03,9996371674,223,Lighting
Failed,Rahul Verma,2025-12-20 22:14:22,2025-12-20 22:14:22,8597471758,15,Brakes
Diverted,Vikram Das,2025-02-18 18:50:47,2025-02-18 18:54:37,9774051891,47,Filter
Failed,Ravi Kumar,2025-10-24 21:55:53,2025-10-24 21:55:53,9082516117,151,Filter
Answered,Arjun Mehta,2026-02-10 04:01:01,2026-02-10 04:16:48,9457194177,116,Spark Plug
Answered,Suresh Babu,2024-08-16 04:51:40,2024-08-16 04:54:10,8373325472,121,Brakes
Abandoned,Vikram Das,2023-04-10 19:38:44,2023-04-10 19:38:47,9290741076,487,Spark Plug
Failed,Ravi Kumar,2025-02-24 23:18:49,2025-02-24 23:18:49,9230745788,78,Brakes
Answered,Vikram Das,2025-11-11 16:55:50,2025-11-11 17:14:12,9969619239,143,Lighting
Answered,Priya Sharma,2025-02-28 22:56:13,2025-02-28 22:58:24,9397170024,112,Towing
Diverted,Arjun Mehta,2024-06-15 04:58:48,2024-06-15 05:01:23,7615491076,11,Spark Plug
Advanced,Vikram Das,2023-01-06 23:30:15,2023-01-07 00:10:14,7377272487,208,Spark Plug
Diverted,Aditya Singh,2025-06-02 17:07:24,2025-06-02 17:10:03,8346514548,1,Wiper
Failed,Ananya Nair,2026-04-23 00:07:14,2026-04-23 00:07:14,7945573418,102,Spark Plug
Diverted,Arjun Mehta,2025-04-29 16:27:01,2025-04-29 16:29:01,8913588641,76,Lighting
Abandoned,Divya Menon,2023-11-05 09:02:00,2023-11-05 09:02:04,8156536331,209,Spark Plug
Answered,Meera Pillai,2025-08-30 09:44:06,2025-08-30 10:04:03,9848156008,128,Brakes
Advanced,Pooja Reddy,2024-07-02 19:05:49,2024-07-02 19:50:37,8836275802,197,Spark Plug
Failed,Priya Sharma,2023-08-31 07:39:33,2023-08-31 07:39:33,7119669568,199,Lighting
Abandoned,Lakshmi Krishnan,2023-03-29 22:09:24,2023-03-29 22:09:27,9243239451,479,Filter
Answered,Rahul Verma,2024-08-06 11:18:52,2024-08-06 11:46:42,7575660121,146,Filter
Advanced,Pooja Reddy,2025-05-23 13:55:04,2025-05-23 14:43:37,7833885966,195,Filter
Advanced,Rahul Verma,2026-05-06 20:26:40,2026-05-06 20:43:53,8743723232,288,Brakes
Answered,Vikram Das,2024-09-09 08:10:13,2024-09-09 08:21:18,9794537722,134,Brakes
Failed,Suresh Babu,2025-12-25 01:00:02,2025-12-25 01:00:02,7219327653,63,Lighting
Answered,Vikram Das,2025-07-30 12:23:15,2025-07-30 12:35:14,9023960033,61,Lighting
Advanced,Pooja Reddy,2024-04-17 07:58:57,2024-04-17 08:37:48,8658890503,284,Wiper
Failed,Vikram Das,2023-01-05 19:31:47,2023-01-05 19:31:47,8956067979,67,Towing
Abandoned,Ravi Kumar,2026-06-25 16:22:17,2026-06-25 16:22:19,9950985014,458,Towing
Answered,Pooja Reddy,2023-08-02 02:40:28,2023-08-02 03:03:36,8783929484,121,Spark Plug
Failed,Priya Sharma,2025-04-27 07:40:31,2025-04-27 07:40:31,8666023062,11,Brakes
Failed,Pooja Reddy,2025-08-21 19:53:43,2025-08-21 19:53:43,8035909360,151,Brakes
Diverted,Meera Pillai,2023-05-08 20:45:16,2023-05-08 20:54:25,8952156950,42,Towing
Answered,Lakshmi Krishnan,2025-11-16 20:02:23,2025-11-16 20:03:25,7680117247,116,Lighting
Diverted,Karthik Rao,2023-08-08 08:20:32,2023-08-08 08:25:43,7222416210,33,Filter
Abandoned,Vikram Das,2023-08-17 06:14:33,2023-08-17 06:14:37,7244018866,426,Filter
Answered,Priya Sharma,2026-01-11 18:30:53,2026-01-11 18:48:22,7543663373,74,Wiper
Abandoned,Arjun Mehta,2025-12-26 20:13:46,2025-12-26 20:13:51,7347752725,64,Brakes
Answered,Manoj Pillai,2024-10-17 13:56:44,2024-10-17 14:08:51,9650778162,151,Brakes
Abandoned,Ananya Nair,2023-08-14 22:21:22,2023-08-14 22:21:24,9377130279,478,Brakes
Advanced,Divya Menon,2025-01-09 09:39:01,2025-01-09 10:24:31,7286571526,250,Wiper
Answered,Aditya Singh,2026-02-25 00:51:29,2026-02-25 01:18:38,7106026301,95,Spark Plug
Advanced,Vikram Das,2025-02-20 09:10:21,2025-02-20 09:39:14,8596895863,230,Lighting
Advanced,Lakshmi Krishnan,2025-02-11 14:49:44,2025-02-11 15:37:37,8861076796,169,Wiper
Diverted,Arjun Mehta,2025-08-18 09:37:54,2025-08-18 09:42:23,8800394020,69,Spark Plug
Advanced,Pooja Reddy,2023-01-16 09:33:00,2023-01-16 09:46:54,8836122255,297,Lighting
Advanced,Meera Pillai,2023-05-28 19:10:49,2023-05-28 19:23:59,9064085146,103,Lighting
Advanced,Manoj Pillai,2026-05-01 01:35:46,2026-05-01 02:16:32,8581586736,242,Brakes
Advanced,Suresh Babu,2025-01-08 01:57:56,2025-01-08 02:36:01,7153850794,211,Brakes
Abandoned,Lakshmi Krishnan,2024-10-17 08:30:32,2024-10-17 08:30:37,7541631183,113,Brakes
Diverted,Arjun Mehta,2024-10-19 22:53:48,2024-10-19 22:59:32,8541609296,86,Wiper
Answered,Ananya Nair,2024-02-18 11:46:30,2024-02-18 12:08:10,9830448744,163,Lighting
Advanced,Ananya Nair,2025-08-12 17:31:00,2025-08-12 17:58:48,9971797659,127,Brakes
Diverted,Karthik Rao,2023-09-06 19:55:34,2023-09-06 20:05:28,7790433490,27,Filter
Abandoned,Manoj Pillai,2023-11-28 07:44:26,2023-11-28 07:44:28,7934959978,490,Filter
Abandoned,Meera Pillai,2023-03-14 22:29:42,2023-03-14 22:29:46,8899265986,444,Wiper
Answered,Karthik Rao,2025-07-31 23:41:09,2025-07-31 23:58:08,9933527339,154,Towing
Failed,Ravi Kumar,2023-11-22 05:12:35,2023-11-22 05:12:35,9185096378,37,Brakes
Diverted,Rahul Verma,2023-01-05 23:03:50,2023-01-05 23:10:55,7432908811,0,Spark Plug
Abandoned,Sneha Iyer,2024-09-19 04:38:24,2024-09-19 04:38:24,9557944879,426,Lighting
Failed,Ananya Nair,2026-03-07 03:36:04,2026-03-07 03:36:04,7605804926,166,Wiper
Failed,Ravi Kumar,2026-04-17 00:26:06,2026-04-17 00:26:06,7907359707,87,Towing
Abandoned,Ananya Nair,2024-05-19 18:46:09,2024-05-19 18:46:12,9335897438,363,Filter
Advanced,Vikram Das,2025-02-13 06:29:09,2025-02-13 06:48:35,9376100093,37,Brakes
Advanced,Divya Menon,2024-03-06 14:06:56,2024-03-06 14:25:16,7483473656,300,Spark Plug
Advanced,Sneha Iyer,2023-05-12 22:21:16,2023-05-12 23:06:14,8315893534,52,Lighting
Abandoned,Divya Menon,2023-12-21 08:14:20,2023-12-21 08:14:23,9402500456,187,Brakes
Diverted,Ananya Nair,2025-08-01 00:11:29,2025-08-01 00:12:00,8725302424,32,Towing
Failed,Meera Pillai,2023-11-18 21:00:49,2023-11-18 21:00:49,7924948305,72,Filter
Abandoned,Divya Menon,2024-08-26 02:41:08,2024-08-26 02:41:12,8606021218,95,Spark Plug
Abandoned,Karthik Rao,2024-10-20 16:33:21,2024-10-20 16:33:23,8535878149,85,Filter
Abandoned,Suresh Babu,2025-01-04 12:19:50,2025-01-04 12:19:50,9948418209,443,Towing
Answered,Vikram Das,2025-12-11 23:52:48,2025-12-12 00:12:34,9237181080,11,Brakes
Diverted,Karthik Rao,2025-10-30 00:50:35,2025-10-30 00:54:28,9735955147,7,Towing
Abandoned,Suresh Babu,2024-09-09 22:12:22,2024-09-09 22:12:23,9464885898,64,Lighting
Abandoned,Ananya Nair,2025-05-16 23:11:05,2025-05-16 23:11:10,9750394573,388,Filter
Diverted,Ananya Nair,2023-06-05 10:20:29,2023-06-05 10:29:58,7000882444,22,Filter
Failed,Aditya Singh,2023-11-18 02:21:24,2023-11-18 02:21:24,8976989615,185,Filter
Advanced,Pooja Reddy,2025-12-21 19:45:00,2025-12-21 20:11:16,7402234776,61,Brakes
Answered,Arjun Mehta,2026-03-27 21:19:53,2026-03-27 21:26:49,8276059928,162,Towing
Abandoned,Sneha Iyer,2025-05-24 01:31:25,2025-05-24 01:31:26,7830207498,232,Filter
Diverted,Karthik Rao,2026-03-15 05:06:03,2026-03-15 05:09:43,7825747096,33,Filter
Abandoned,Priya Sharma,2025-08-22 12:04:54,2025-08-22 12:04:57,7720095869,99,Spark Plug
Failed,Rahul Verma,2024-06-05 20:44:53,2024-06-05 20:44:53,8391774596,21,Towing
Answered,Vikram Das,2025-07-30 11:07:45,2025-07-30 11:09:42,9510607212,52,Filter
Advanced,Vikram Das,2026-04-11 03:57:40,2026-04-11 04:45:19,8037410890,182,Lighting
Abandoned,Vikram Das,2024-11-27 20:04:53,2024-11-27 20:04:53,7371934581,472,Lighting
Failed,Vikram Das,2025-04-03 03:14:30,2025-04-03 03:14:30,7714239648,178,Brakes
Diverted,Karthik Rao,2025-10-22 05:23:15,2025-10-22 05:31:02,9652171930,3,Spark Plug
Failed,Ananya Nair,2025-01-28 00:12:44,2025-01-28 00:12:44,9177668969,92,Towing
Failed,Sneha Iyer,2023-08-18 11:15:54,2023-08-18 11:15:54,9237179893,84,Spark Plug
Abandoned,Meera Pillai,2023-04-02 14:37:55,2023-04-02 14:37:55,7854221379,476,Spark Plug
Advanced,Ravi Kumar,2026-06-19 07:07:46,2026-06-19 07:40:19,9307796515,19,Wiper
Abandoned,Divya Menon,2026-06-15 08:04:02,2026-06-15 08:04:02,9119833215,120,Brakes
Answered,Aditya Singh,2023-07-08 10:26:20,2023-07-08 10:42:17,9567149858,80,Brakes
Abandoned,Sneha Iyer,2023-04-22 05:50:24,2023-04-22 05:50:29,9990710895,99,Filter
Abandoned,Arjun Mehta,2023-06-26 23:32:13,2023-06-26 23:32:14,9175257145,149,Lighting
Failed,Manoj Pillai,2024-04-19 18:10:37,2024-04-19 18:10:37,9482547116,46,Towing
Answered,Manoj Pillai,2024-05-16 13:34:28,2024-05-16 14:00:36,7268763659,24,Lighting
Advanced,Aditya Singh,2024-10-06 11:40:25,2024-10-06 12:15:26,8513227046,92,Towing
Advanced,Sneha Iyer,2024-02-18 21:51:16,2024-02-18 22:18:36,9441433343,30,Brakes
Failed,Ananya Nair,2026-04-22 18:38:54,2026-04-22 18:38:54,8193043870,144,Brakes
Diverted,Priya Sharma,2025-11-07 00:30:54,2025-11-07 00:39:55,9574075322,54,Wiper
Advanced,Ravi Kumar,2025-05-20 23:02:13,2025-05-20 23:42:50,7281841414,47,Towing
Failed,Pooja Reddy,2025-02-23 06:12:04,2025-02-23 06:12:04,7421081680,20,Wiper
Failed,Ananya Nair,2024-06-17 09:22:34,2024-06-17 09:22:34,9414667131,20,Filter
Diverted,Rahul Verma,2023-01-11 03:00:32,2023-01-11 03:08:10,7720957354,91,Towing
Answered,Divya Menon,2024-08-02 23:28:12,2024-08-02 23:40:33,7301222264,54,Towing
Diverted,Divya Menon,2026-04-08 13:10:25,2026-04-08 13:16:35,8635336290,67,Lighting
Abandoned,Ravi Kumar,2023-10-29 04:47:32,2023-10-29 04:47:37,9258728954,499,Lighting
Answered,Priya Sharma,2023-02-13 07:02:23,2023-02-13 07:22:39,8023258530,7,Filter
Diverted,Vikram Das,2023-01-11 01:11:47,2023-01-11 01:19:26,7964957364,68,Lighting
Diverted,Ravi Kumar,2023-08-21 05:09:01,2023-08-21 05:15:16,9474793090,16,Filter
Advanced,Manoj Pillai,2026-02-21 10:23:13,2026-02-21 10:50:46,7739028632,18,Lighting
Abandoned,Manoj Pillai,2023-03-08 16:29:54,2023-03-08 16:29:58,7400593284,261,Filter
Advanced,Ananya Nair,2025-09-14 09:25:50,2025-09-14 10:11:24,8388895476,279,Lighting
Advanced,Pooja Reddy,2023-10-11 17:31:05,2023-10-11 18:10:50,7480995889,187,Filter
Diverted,Divya Menon,2023-10-08 03:35:49,2023-10-08 03:40:42,8062835281,89,Spark Plug
Advanced,Ravi Kumar,2025-05-27 07:14:54,2025-05-27 07:56:46,9618604792,238,Spark Plug
Abandoned,Manoj Pillai,2025-09-22 19:45:52,2025-09-22 19:45:54,8750965566,412,Towing
Answered,Rahul Verma,2023-08-13 22:20:06,2023-08-13 22:46:48,9146038358,22,Towing
Advanced,Karthik Rao,2025-09-12 18:32:10,2025-09-12 19:05:01,7261276307,233,Towing
Abandoned,Ananya Nair,2023-09-26 00:53:42,2023-09-26 00:53:45,8010248931,337,Brakes
Advanced,Manoj Pillai,2024-07-07 19:42:49,2024-07-07 19:50:12,9744982292,285,Spark Plug
Advanced,Divya Menon,2024-07-12 07:41:53,2024-07-12 08:22:32,8080910839,72,Filter
Abandoned,Karthik Rao,2024-08-24 08:54:59,2024-08-24 08:55:01,9770556007,194,Brakes
Abandoned,Manoj Pillai,2026-06-02 22:47:12,2026-06-02 22:47:12,7482149640,450,Filter
Failed,Sneha Iyer,2023-08-14 10:33:47,2023-08-14 10:33:47,8534162605,87,Spark Plug
Advanced,Karthik Rao,2025-04-07 09:52:38,2025-04-07 10:08:36,8099323512,1,Towing
Abandoned,Ananya Nair,2025-03-27 21:41:06,2025-03-27 21:41:08,7542425338,297,Brakes
Advanced,Sneha Iyer,2025-04-29 08:51:04,2025-04-29 09:02:53,7988773077,202,Towing
Diverted,Suresh Babu,2023-10-11 23:43:48,2023-10-11 23:48:58,9128210103,70,Spark Plug
Failed,Lakshmi Krishnan,2024-03-14 13:18:01,2024-03-14 13:18:01,9474809024,152,Lighting
Advanced,Priya Sharma,2026-05-07 12:39:29,2026-05-07 13:04:02,8375268526,60,Brakes
Diverted,Lakshmi Krishnan,2024-07-21 11:28:49,2024-07-21 11:35:31,9817054557,90,Brakes
Diverted,Ananya Nair,2025-10-24 20:45:30,2025-10-24 20:54:10,7764218110,13,Filter
Abandoned,Manoj Pillai,2023-07-09 19:06:39,2023-07-09 19:06:40,8514350111,269,Towing
Diverted,Ravi Kumar,2026-05-29 16:36:33,2026-05-29 16:40:48,8957698992,81,Wiper
Answered,Vikram Das,2026-06-03 03:49:57,2026-06-03 04:13:28,9131327141,160,Wiper
Failed,Aditya Singh,2023-10-04 19:47:15,2023-10-04 19:47:15,9255021654,116,Towing
Answered,Vikram Das,2023-10-09 05:26:22,2023-10-09 05:37:52,8740601190,65,Towing
Advanced,Suresh Babu,2026-04-02 08:41:52,2026-04-02 09:25:12,8270802487,282,Lighting
Advanced,Lakshmi Krishnan,2023-02-10 10:42:05,2023-02-10 11:00:42,8793914642,271,Brakes
Answered,Aditya Singh,2025-11-30 15:22:33,2025-11-30 15:39:14,7536192792,138,Brakes
Abandoned,Rahul Verma,2025-09-10 14:07:40,2025-09-10 14:07:40,8049504418,131,Filter
Diverted,Priya Sharma,2023-02-17 22:20:04,2023-02-17 22:29:13,9236616363,108,Spark Plug
Diverted,Lakshmi Krishnan,2024-08-21 17:58:16,2024-08-21 18:07:01,9283436457,80,Brakes
Advanced,Ravi Kumar,2025-12-11 14:44:10,2025-12-11 14:58:29,9218266610,29,Filter
Answered,Lakshmi Krishnan,2025-05-17 03:48:05,2025-05-17 03:52:52,7756295229,39,Brakes
Answered,Vikram Das,2025-06-02 22:50:12,2025-06-02 23:11:28,7962085711,75,Spark Plug
Abandoned,Divya Menon,2024-03-16 20:36:14,2024-03-16 20:36:14,9939117794,78,Lighting
Answered,Karthik Rao,2024-12-12 11:05:04,2024-12-12 11:08:59,7540887370,93,Lighting
Diverted,Pooja Reddy,2024-11-27 03:33:29,2024-11-27 03:40:59,9252661003,18,Filter
Abandoned,Arjun Mehta,2024-02-26 14:26:25,2024-02-26 14:26:30,7977707432,480,Towing
Failed,Pooja Reddy,2026-06-22 01:37:23,2026-06-22 01:37:23,7749552331,42,Filter
Answered,Divya Menon,2023-04-09 00:07:08,2023-04-09 00:15:44,9642203357,74,Towing
Abandoned,Karthik Rao,2026-03-19 09:29:50,2026-03-19 09:29:51,8293859709,398,Spark Plug
Failed,Pooja Reddy,2025-10-17 13:31:34,2025-10-17 13:31:34,7223445458,63,Brakes
Answered,Sneha Iyer,2026-02-17 14:31:02,2026-02-17 14:44:45,7325624224,118,Lighting
Advanced,Ravi Kumar,2024-03-09 01:10:55,2024-03-09 01:17:39,7736495529,203,Brakes
Advanced,Ananya Nair,2023-05-25 15:30:42,2023-05-25 16:01:00,7598046887,132,Spark Plug
Abandoned,Pooja Reddy,2024-01-28 13:34:28,2024-01-28 13:34:29,7583307877,407,Filter
Answered,Meera Pillai,2026-03-05 04:03:20,2026-03-05 04:06:39,9497914379,129,Towing
Abandoned,Sneha Iyer,2026-01-12 01:06:56,2026-01-12 01:06:59,9820013074,363,Towing
Answered,Pooja Reddy,2025-05-05 06:00:53,2025-05-05 06:09:31,9245484616,1,Spark Plug
Advanced,Arjun Mehta,2023-08-02 17:58:11,2023-08-02 18:21:09,7338701801,178,Wiper
Abandoned,Manoj Pillai,2025-10-18 01:22:25,2025-10-18 01:22:27,7257005658,450,Towing
Failed,Manoj Pillai,2024-05-31 13:54:25,2024-05-31 13:54:25,8087776339,42,Spark Plug
Failed,Meera Pillai,2024-06-09 12:19:43,2024-06-09 12:19:43,7636549146,29,Brakes
Abandoned,Vikram Das,2024-11-10 09:37:14,2024-11-10 09:37:19,7864565993,192,Wiper
Advanced,Meera Pillai,2024-02-06 22:17:23,2024-02-06 23:06:54,9021278552,298,Spark Plug
Answered,Vikram Das,2026-01-07 16:49:08,2026-01-07 16:52:55,9430546201,90,Spark Plug
Answered,Vikram Das,2023-01-11 21:24:32,2023-01-11 21:27:58,7913534332,5,Filter
Answered,Ravi Kumar,2025-01-02 23:15:37,2025-01-02 23:27:08,8299998327,76,Wiper
Answered,Arjun Mehta,2024-05-15 17:41:37,2024-05-15 18:07:50,9456214486,40,Brakes
Abandoned,Rahul Verma,2025-10-31 07:07:31,2025-10-31 07:07:31,9630413007,453,Lighting
Answered,Ravi Kumar,2024-12-20 23:33:54,2024-12-20 23:57:00,9959517964,82,Lighting
Diverted,Vikram Das,2023-05-29 00:14:38,2023-05-29 00:15:52,9630018370,41,Spark Plug
Diverted,Aditya Singh,2023-10-18 06:14:21,2023-10-18 06:15:02,9820927258,11,Brakes
Failed,Sneha Iyer,2023-06-11 08:01:33,2023-06-11 08:01:33,7506854191,179,Wiper
Abandoned,Ananya Nair,2024-03-22 15:40:13,2024-03-22 15:40:16,7471212420,300,Brakes
Abandoned,Priya Sharma,2025-03-26 20:19:56,2025-03-26 20:19:56,9856449660,492,Towing
Abandoned,Aditya Singh,2025-10-14 14:12:29,2025-10-14 14:12:33,8692706603,310,Lighting
Diverted,Vikram Das,2025-07-09 22:04:05,2025-07-09 22:09:53,8818392060,28,Filter
Answered,Priya Sharma,2025-04-04 15:54:56,2025-04-04 16:09:34,7191940234,34,Wiper
Failed,Meera Pillai,2024-10-26 18:15:51,2024-10-26 18:15:51,9010453316,35,Spark Plug
Answered,Sneha Iyer,2023-08-05 15:13:26,2023-08-05 15:34:23,9263687127,172,Towing
Abandoned,Divya Menon,2023-05-05 15:55:56,2023-05-05 15:55:57,7096713800,480,Brakes
Abandoned,Priya Sharma,2024-08-19 21:47:25,2024-08-19 21:47:25,8478872471,313,Lighting
Advanced,Rahul Verma,2024-05-20 07:09:29,2024-05-20 07:33:54,7034276262,31,Brakes
Answered,Ravi Kumar,2023-02-13 17:14:37,2023-02-13 17:24:06,7068147350,41,Towing
Abandoned,Manoj Pillai,2023-07-18 19:40:24,2023-07-18 19:40:24,9543245851,157,Spark Plug
Abandoned,Karthik Rao,2023-06-02 22:52:04,2023-06-02 22:52:08,7622183944,145,Spark Plug
Diverted,Meera Pillai,2025-05-16 16:33:08,2025-05-16 16:35:30,9162134729,28,Lighting
Diverted,Priya Sharma,2024-07-21 05:08:30,2024-07-21 05:12:23,9613409886,11,Towing
Failed,Rahul Verma,2025-05-28 04:26:49,2025-05-28 04:26:49,8536538194,12,Towing
Answered,Priya Sharma,2024-12-28 01:03:51,2024-12-28 01:25:30,7424660783,43,Wiper
Failed,Aditya Singh,2023-10-17 18:10:57,2023-10-17 18:10:57,9818703201,24,Filter
Diverted,Meera Pillai,2024-06-28 09:37:07,2024-06-28 09:42:15,9974884228,1,Spark Plug
Abandoned,Manoj Pillai,2024-12-17 05:38:58,2024-12-17 05:38:59,7930733277,414,Towing
Failed,Priya Sharma,2023-06-19 00:40:55,2023-06-19 00:40:55,8595212255,105,Brakes
Advanced,Priya Sharma,2025-07-12 12:53:47,2025-07-12 13:03:41,9365804235,83,Lighting
Abandoned,Manoj Pillai,2024-10-08 13:12:36,2024-10-08 13:12:36,7337048335,353,Wiper
Advanced,Manoj Pillai,2025-09-10 08:11:17,2025-09-10 08:39:07,9852083141,228,Wiper
Failed,Ravi Kumar,2024-12-22 14:03:02,2024-12-22 14:03:02,9967084481,189,Spark Plug
Diverted,Rahul Verma,2023-05-06 04:40:29,2023-05-06 04:42:36,7919702363,46,Wiper
Answered,Rahul Verma,2025-04-27 13:31:48,2025-04-27 13:34:00,7569035415,9,Wiper
Advanced,Karthik Rao,2024-01-22 02:53:53,2024-01-22 02:57:56,9182799413,82,Wiper
Answered,Ravi Kumar,2025-08-09 14:20:01,2025-08-09 14:27:38,9548139746,77,Towing
Abandoned,Priya Sharma,2023-09-14 09:40:24,2023-09-14 09:40:28,8126788935,153,Filter
Diverted,Rahul Verma,2025-02-16 11:08:36,2025-02-16 11:16:12,7584259586,119,Brakes
Advanced,Rahul Verma,2023-05-18 17:24:26,2023-05-18 17:51:51,7930419537,50,Lighting
Abandoned,Ravi Kumar,2023-01-23 20:57:35,2023-01-23 20:57:36,7239925785,456,Wiper
Advanced,Ananya Nair,2024-09-22 13:45:24,2024-09-22 14:34:08,9638980425,42,Lighting
Diverted,Karthik Rao,2025-10-27 05:47:19,2025-10-27 05:52:18,8610100548,115,Brakes
Abandoned,Meera Pillai,2025-02-02 22:42:54,2025-02-02 22:42:59,8791762197,318,Spark Plug
Failed,Vikram Das,2023-03-01 23:41:16,2023-03-01 23:41:16,9377623670,83,Spark Plug
Abandoned,Manoj Pillai,2024-12-29 13:52:00,2024-12-29 13:52:03,7072261695,276,Lighting
Abandoned,Manoj Pillai,2024-12-13 22:35:42,2024-12-13 22:35:44,9104808133,420,Brakes
Failed,Rahul Verma,2025-07-02 11:52:12,2025-07-02 11:52:12,7721630483,48,Brakes
Answered,Karthik Rao,2024-07-09 15:23:12,2024-07-09 15:24:39,7526997455,0,Towing
Failed,Ravi Kumar,2026-03-12 17:05:04,2026-03-12 17:05:04,8059762134,150,Spark Plug
Diverted,Pooja Reddy,2026-06-06 00:46:09,2026-06-06 00:55:11,8893524848,14,Brakes
Diverted,Arjun Mehta,2024-01-18 07:21:32,2024-01-18 07:22:18,8133310711,104,Lighting
Answered,Manoj Pillai,2024-09-26 13:18:23,2024-09-26 13:42:08,9834298952,171,Brakes
Diverted,Arjun Mehta,2024-12-01 20:03:38,2024-12-01 20:06:40,8919389079,41,Lighting
Answered,Suresh Babu,2026-01-12 17:36:12,2026-01-12 17:55:36,9528349463,159,Lighting
Diverted,Aditya Singh,2024-11-04 21:01:07,2024-11-04 21:08:54,7155322457,77,Brakes
Diverted,Priya Sharma,2025-09-25 05:40:18,2025-09-25 05:50:02,8554269397,18,Wiper
Advanced,Lakshmi Krishnan,2024-01-10 19:28:46,2024-01-10 19:40:31,8470142339,273,Filter
Abandoned,Sneha Iyer,2023-12-19 02:11:44,2023-12-19 02:11:46,9818714867,427,Filter
Failed,Priya Sharma,2024-04-24 23:58:54,2024-04-24 23:58:54,9674162021,70,Towing
Answered,Meera Pillai,2023-07-14 13:25:10,2023-07-14 13:47:56,9951688755,92,Wiper
Failed,Aditya Singh,2023-07-15 22:12:15,2023-07-15 22:12:15,9422720705,58,Towing
Answered,Divya Menon,2025-05-31 23:51:40,2025-06-01 00:12:51,9632882430,58,Spark Plug
Failed,Rahul Verma,2025-04-22 11:54:17,2025-04-22 11:54:17,7322200796,140,Lighting
Answered,Priya Sharma,2024-12-13 21:51:21,2024-12-13 22:09:35,9181966956,113,Filter
Answered,Manoj Pillai,2023-08-06 03:15:56,2023-08-06 03:23:16,8730964004,35,Wiper
Failed,Aditya Singh,2026-06-09 02:35:33,2026-06-09 02:35:33,7509620530,158,Wiper
Answered,Priya Sharma,2023-07-07 13:14:36,2023-07-07 13:20:37,8655286564,111,Spark Plug
Advanced,Aditya Singh,2023-08-03 03:16:24,2023-08-03 03:55:57,8707956348,8,Wiper
Abandoned,Suresh Babu,2025-10-12 00:17:08,2025-10-12 00:17:10,9383126038,229,Brakes
Answered,Arjun Mehta,2024-01-09 12:17:33,2024-01-09 12:38:01,8116148865,18,Lighting
Answered,Manoj Pillai,2026-01-06 01:29:41,2026-01-06 01:57:22,9699209848,179,Spark Plug
Failed,Vikram Das,2024-11-21 17:51:09,2024-11-21 17:51:09,8830197884,58,Towing
Answered,Rahul Verma,2025-08-06 00:28:46,2025-08-06 00:50:59,9146887879,144,Filter
Diverted,Manoj Pillai,2023-06-13 18:08:04,2023-06-13 18:11:35,8287912446,112,Towing
Failed,Lakshmi Krishnan,2025-08-08 19:26:40,2025-08-08 19:26:40,8974688037,131,Brakes
Failed,Sneha Iyer,2023-05-23 07:42:43,2023-05-23 07:42:43,7461680840,152,Lighting
Diverted,Karthik Rao,2025-04-22 02:32:41,2025-04-22 02:34:29,7525846170,53,Lighting
Advanced,Priya Sharma,2024-07-12 22:43:43,2024-07-12 23:02:32,7407884611,56,Filter
Advanced,Manoj Pillai,2026-05-01 11:45:07,2026-05-01 12:08:32,7702981160,121,Spark Plug
Abandoned,Divya Menon,2023-10-08 13:31:53,2023-10-08 13:31:57,9731405610,74,Wiper
Advanced,Lakshmi Krishnan,2024-02-05 16:11:41,2024-02-05 16:59:33,7731544854,286,Brakes
Advanced,Divya Menon,2025-07-07 01:07:24,2025-07-07 01:50:56,8653748267,265,Spark Plug
Advanced,Vikram Das,2026-03-04 00:55:42,2026-03-04 01:18:55,7970375554,151,Filter
Abandoned,Lakshmi Krishnan,2024-11-19 02:19:29,2024-11-19 02:19:33,8207256907,341,Wiper
Abandoned,Lakshmi Krishnan,2025-03-10 20:05:30,2025-03-10 20:05:31,9047964779,303,Spark Plug
Answered,Pooja Reddy,2025-09-19 13:12:35,2025-09-19 13:35:04,8968651177,58,Lighting
Failed,Manoj Pillai,2023-07-16 06:06:57,2023-07-16 06:06:57,9691250651,145,Brakes
Advanced,Pooja Reddy,2025-08-27 04:14:53,2025-08-27 04:28:35,7030573367,159,Lighting
Answered,Ananya Nair,2023-03-02 21:28:42,2023-03-02 21:45:35,7633622990,134,Wiper
Abandoned,Sneha Iyer,2023-11-04 01:51:36,2023-11-04 01:51:36,8430755836,489,Towing
Abandoned,Vikram Das,2025-01-28 23:57:06,2025-01-28 23:57:11,8298757266,108,Wiper
Diverted,Ananya Nair,2025-11-28 18:54:40,2025-11-28 19:04:00,7331484305,76,Wiper
Failed,Aditya Singh,2025-07-01 05:00:33,2025-07-01 05:00:33,9165185205,88,Lighting
Diverted,Aditya Singh,2023-12-13 22:39:28,2023-12-13 22:41:38,8830218591,22,Brakes
Diverted,Lakshmi Krishnan,2026-03-30 16:36:46,2026-03-30 16:41:57,9934305040,101,Wiper
Answered,Aditya Singh,2024-12-01 00:30:51,2024-12-01 00:58:25,7508290895,84,Spark Plug
Failed,Sneha Iyer,2023-03-13 20:52:54,2023-03-13 20:52:54,7466400407,75,Wiper
Failed,Aditya Singh,2023-08-22 09:08:15,2023-08-22 09:08:15,8516510784,185,Spark Plug
Diverted,Pooja Reddy,2026-01-16 02:49:26,2026-01-16 02:55:58,7000655730,93,Wiper
Abandoned,Aditya Singh,2024-04-16 17:42:26,2024-04-16 17:42:27,9029154523,144,Towing
Diverted,Lakshmi Krishnan,2023-08-16 20:55:29,2023-08-16 21:03:35,7413399822,72,Wiper
Diverted,Priya Sharma,2025-11-15 15:09:01,2025-11-15 15:14:04,7332020704,112,Brakes
Advanced,Priya Sharma,2024-03-20 21:01:22,2024-03-20 21:16:52,9995618709,190,Lighting
Advanced,Sneha Iyer,2026-02-19 09:10:57,2026-02-19 09:57:47,7678042256,272,Spark Plug
Failed,Ravi Kumar,2025-07-18 14:11:32,2025-07-18 14:11:32,9568289688,77,Filter
Abandoned,Rahul Verma,2026-03-26 09:16:15,2026-03-26 09:16:17,9065641434,136,Brakes
Diverted,Ananya Nair,2026-05-20 18:41:50,2026-05-20 18:48:51,8439109656,107,Wiper
Failed,Ravi Kumar,2025-12-22 10:21:43,2025-12-22 10:21:43,8159798437,115,Wiper
Failed,Lakshmi Krishnan,2023-08-04 08:27:26,2023-08-04 08:27:26,8212153630,59,Lighting
Failed,Rahul Verma,2023-05-12 06:21:22,2023-05-12 06:21:22,8330971338,48,Towing
Failed,Sneha Iyer,2024-08-07 19:26:28,2024-08-07 19:26:28,8034885696,170,Filter
Failed,Meera Pillai,2024-06-22 14:06:06,2024-06-22 14:06:06,8483735628,89,Spark Plug
Answered,Pooja Reddy,2023-08-18 02:06:22,2023-08-18 02:13:58,9913791880,22,Brakes
Failed,Divya Menon,2026-04-17 17:36:17,2026-04-17 17:36:17,7116423281,142,Lighting
Advanced,Ravi Kumar,2023-10-15 13:11:38,2023-10-15 13:25:59,9483646453,15,Towing
Abandoned,Ananya Nair,2023-03-15 04:33:18,2023-03-15 04:33:23,8319436114,77,Wiper
Answered,Pooja Reddy,2026-03-04 13:05:51,2026-03-04 13:16:51,8343187120,43,Lighting
Advanced,Rahul Verma,2024-11-25 07:54:15,2024-11-25 08:28:45,7075992511,103,Lighting
Abandoned,Sneha Iyer,2024-08-28 17:28:16,2024-08-28 17:28:16,7487055039,400,Brakes
Failed,Sneha Iyer,2024-05-12 00:18:46,2024-05-12 00:18:46,8543641724,53,Towing
Diverted,Meera Pillai,2024-06-17 10:14:32,2024-06-17 10:19:00,8956095689,69,Wiper
Advanced,Priya Sharma,2024-06-09 16:34:32,2024-06-09 16:36:50,9258084634,11,Brakes
Diverted,Vikram Das,2026-04-02 13:18:05,2026-04-02 13:19:48,9207865198,117,Towing
Answered,Divya Menon,2025-06-26 17:25:20,2025-06-26 17:27:02,9966541966,153,Filter
Diverted,Ananya Nair,2024-03-07 02:05:43,2024-03-07 02:07:48,9650772271,66,Wiper
Advanced,Rahul Verma,2026-03-21 05:16:53,2026-03-21 05:27:08,7149193678,37,Brakes
Diverted,Pooja Reddy,2023-04-20 14:48:34,2023-04-20 14:50:51,7453956812,28,Filter
Failed,Divya Menon,2024-07-23 19:18:35,2024-07-23 19:18:35,8310199969,183,Brakes
Abandoned,Rahul Verma,2023-08-22 21:09:20,2023-08-22 21:09:22,7411901985,224,Filter
Abandoned,Ravi Kumar,2023-01-14 02:29:06,2023-01-14 02:29:11,9544902374,301,Filter
Diverted,Rahul Verma,2024-08-17 11:54:40,2024-08-17 11:56:59,8171513521,107,Wiper
Diverted,Priya Sharma,2023-07-15 02:02:42,2023-07-15 02:03:15,7591878873,73,Filter
Diverted,Arjun Mehta,2025-07-28 14:30:12,2025-07-28 14:39:01,8470215807,76,Towing
Diverted,Karthik Rao,2025-01-05 09:55:08,2025-01-05 10:02:31,7699703860,21,Wiper
Failed,Arjun Mehta,2026-02-22 01:46:56,2026-02-22 01:46:56,7045579559,155,Brakes
Diverted,Ananya Nair,2026-06-14 22:26:53,2026-06-14 22:33:53,9066576125,22,Wiper
Answered,Priya Sharma,2025-03-31 00:54:30,2025-03-31 01:01:21,7962591781,168,Lighting
Abandoned,Vikram Das,2026-04-16 22:28:48,2026-04-16 22:28:53,9066118707,348,Wiper
Advanced,Manoj Pillai,2023-08-06 05:14:39,2023-08-06 05:57:12,7035406156,61,Towing
Diverted,Divya Menon,2026-05-21 04:51:14,2026-05-21 05:00:12,8779417562,114,Lighting
Advanced,Pooja Reddy,2024-01-07 13:32:27,2024-01-07 13:41:09,7820541117,62,Spark Plug
Advanced,Ananya Nair,2024-11-23 02:11:15,2024-11-23 02:49:23,9548455013,275,Brakes
Advanced,Vikram Das,2024-09-06 04:08:16,2024-09-06 04:39:23,8493972206,71,Spark Plug
Diverted,Meera Pillai,2024-05-04 06:57:02,2024-05-04 06:59:31,8364078355,95,Towing
Diverted,Suresh Babu,2026-01-05 02:47:08,2026-01-05 02:52:27,7105549974,17,Filter
Answered,Karthik Rao,2023-11-27 05:42:56,2023-11-27 05:55:31,7330223754,53,Wiper
Failed,Priya Sharma,2025-09-16 02:44:42,2025-09-16 02:44:42,7103506589,193,Wiper
Abandoned,Rahul Verma,2023-01-02 06:11:56,2023-01-02 06:11:58,9374092362,203,Wiper
Diverted,Ananya Nair,2025-12-14 22:23:09,2025-12-14 22:23:52,8191000932,63,Brakes
Diverted,Priya Sharma,2025-11-30 02:37:39,2025-11-30 02:44:45,8457683558,109,Towing
Answered,Sneha Iyer,2023-06-19 20:57:43,2023-06-19 21:21:33,8923208509,109,Filter
Diverted,Suresh Babu,2023-10-22 16:24:27,2023-10-22 16:30:13,7733873732,37,Brakes
Answered,Pooja Reddy,2024-01-29 22:38:02,2024-01-29 22:48:48,7659958827,167,Brakes
Failed,Lakshmi Krishnan,2024-12-05 12:46:28,2024-12-05 12:46:28,9252190507,153,Towing
Advanced,Ananya Nair,2025-12-11 11:50:25,2025-12-11 12:30:32,8463288049,174,Wiper
Abandoned,Manoj Pillai,2025-01-08 02:09:28,2025-01-08 02:09:28,8859663545,391,Towing
Advanced,Lakshmi Krishnan,2025-01-10 09:10:54,2025-01-10 09:58:24,9498314489,247,Filter
Advanced,Sneha Iyer,2023-07-14 08:47:57,2023-07-14 09:34:29,9510648546,106,Brakes
Abandoned,Ravi Kumar,2026-04-24 10:11:33,2026-04-24 10:11:33,8121724325,277,Towing
Diverted,Sneha Iyer,2024-02-22 12:07:49,2024-02-22 12:10:59,8293129128,104,Spark Plug
Abandoned,Manoj Pillai,2023-05-22 19:49:23,2023-05-22 19:49:25,9373019560,232,Lighting
Answered,Vikram Das,2026-01-08 22:43:13,2026-01-08 23:01:35,8436625180,132,Filter
Diverted,Suresh Babu,2025-09-29 22:34:18,2025-09-29 22:41:08,8910973355,25,Wiper
Diverted,Pooja Reddy,2025-12-23 04:14:58,2025-12-23 04:16:09,9767987610,38,Lighting
Answered,Pooja Reddy,2025-11-24 14:18:15,2025-11-24 14:28:45,9566849143,56,Filter
Diverted,Vikram Das,2025-09-22 09:27:28,2025-09-22 09:28:41,9454411549,80,Towing
Failed,Karthik Rao,2026-04-26 03:15:02,2026-04-26 03:15:02,8681423330,147,Lighting
Answered,Karthik Rao,2023-03-14 05:47:23,2023-03-14 06:07:12,8190313805,2,Filter
Failed,Aditya Singh,2026-06-02 10:26:01,2026-06-02 10:26:01,7337392883,70,Wiper
Diverted,Karthik Rao,2026-06-04 20:47:04,2026-06-04 20:51:57,9156342569,31,Lighting
Answered,Rahul Verma,2024-05-09 03:02:06,2024-05-09 03:12:31,9538353786,95,Wiper
Abandoned,Priya Sharma,2024-10-29 04:42:06,2024-10-29 04:42:06,8054004479,152,Wiper
Abandoned,Aditya Singh,2025-04-26 06:58:37,2025-04-26 06:58:38,9306784469,395,Spark Plug
Diverted,Pooja Reddy,2025-01-12 22:03:37,2025-01-12 22:08:33,8152187958,76,Filter
Failed,Manoj Pillai,2026-06-25 01:11:07,2026-06-25 01:11:07,8369386023,106,Lighting
Failed,Vikram Das,2023-05-21 20:06:25,2023-05-21 20:06:25,8297228981,158,Spark Plug
Failed,Aditya Singh,2024-09-15 15:42:44,2024-09-15 15:42:44,8240750557,154,Wiper
Failed,Manoj Pillai,2025-01-18 18:07:54,2025-01-18 18:07:54,9731554486,63,Wiper
Abandoned,Suresh Babu,2023-10-05 10:36:17,2023-10-05 10:36:20,7041849822,500,Brakes
Answered,Manoj Pillai,2025-07-28 20:29:48,2025-07-28 20:50:31,8673020782,102,Towing
Advanced,Pooja Reddy,2024-06-26 14:54:12,2024-06-26 15:11:56,7913354838,6,Towing
Diverted,Aditya Singh,2026-02-22 15:12:12,2026-02-22 15:13:33,8473589928,73,Brakes
Advanced,Aditya Singh,2025-01-05 10:24:53,2025-01-05 11:08:10,7151987565,291,Lighting
Answered,Suresh Babu,2025-06-19 15:31:02,2025-06-19 15:51:53,9849116499,162,Filter
Abandoned,Ravi Kumar,2025-10-22 21:16:12,2025-10-22 21:16:17,8797707598,71,Brakes
Advanced,Sneha Iyer,2023-03-14 16:16:54,2023-03-14 16:44:51,8595639564,191,Towing
Advanced,Suresh Babu,2025-09-11 22:50:42,2025-09-11 23:29:38,7768339465,273,Towing
Advanced,Karthik Rao,2025-12-17 18:28:52,2025-12-17 19:07:55,7731956514,67,Brakes
Advanced,Suresh Babu,2025-06-19 20:24:07,2025-06-19 21:10:40,9597594262,200,Wiper
Diverted,Ravi Kumar,2023-04-08 22:06:23,2023-04-08 22:07:15,8053496256,98,Lighting
Abandoned,Priya Sharma,2024-04-05 21:14:23,2024-04-05 21:14:24,8391945289,431,Filter
Diverted,Arjun Mehta,2024-08-20 00:07:20,2024-08-20 00:17:02,7505949396,91,Lighting
Answered,Manoj Pillai,2024-01-04 20:43:05,2024-01-04 21:10:26,7018799847,140,Wiper
Answered,Ravi Kumar,2023-11-12 07:49:52,2023-11-12 08:13:43,8869672787,110,Towing
Answered,Ravi Kumar,2023-03-07 11:53:44,2023-03-07 12:09:59,7309128182,119,Lighting
Failed,Karthik Rao,2025-12-14 08:22:54,2025-12-14 08:22:54,9289829650,154,Towing
Advanced,Arjun Mehta,2026-05-07 19:33:18,2026-05-07 20:19:59,8324770081,166,Filter
Advanced,Karthik Rao,2023-01-04 19:56:30,2023-01-04 20:45:35,9088982922,236,Brakes
Failed,Pooja Reddy,2026-03-07 20:53:38,2026-03-07 20:53:38,7996130080,187,Brakes
Diverted,Karthik Rao,2025-02-18 08:41:00,2025-02-18 08:47:11,8389186915,83,Spark Plug
Answered,Arjun Mehta,2026-05-22 13:33:57,2026-05-22 13:51:17,7716587986,77,Towing
Diverted,Suresh Babu,2023-04-11 06:32:50,2023-04-11 06:38:50,8226170460,69,Wiper
Advanced,Sneha Iyer,2023-06-29 16:01:55,2023-06-29 16:36:02,8224451655,258,Brakes
Answered,Karthik Rao,2024-04-10 03:49:42,2024-04-10 04:16:15,9960846431,167,Spark Plug
Failed,Lakshmi Krishnan,2025-04-05 02:27:05,2025-04-05 02:27:05,9872172386,85,Spark Plug
Abandoned,Karthik Rao,2024-10-05 09:41:21,2024-10-05 09:41:25,9041724190,101,Lighting
Failed,Manoj Pillai,2023-02-20 18:59:55,2023-02-20 18:59:55,7510091616,177,Spark Plug
Advanced,Sneha Iyer,2023-02-04 11:17:05,2023-02-04 11:27:35,9658269943,114,Filter
Diverted,Arjun Mehta,2025-10-05 05:06:41,2025-10-05 05:10:00,9493301339,81,Filter
Failed,Divya Menon,2023-05-15 13:25:14,2023-05-15 13:25:14,8658077490,124,Brakes
Abandoned,Ravi Kumar,2025-12-13 23:05:50,2025-12-13 23:05:52,7120655755,262,Spark Plug
Advanced,Meera Pillai,2024-03-19 16:58:04,2024-03-19 17:43:19,7559357843,245,Filter
Abandoned,Priya Sharma,2023-12-23 00:44:39,2023-12-23 00:44:42,7120799419,500,Spark Plug
Diverted,Manoj Pillai,2025-03-11 15:27:24,2025-03-11 15:36:50,9636272140,114,Brakes
Failed,Aditya Singh,2023-05-26 05:39:21,2023-05-26 05:39:21,8674120601,145,Spark Plug
Abandoned,Sneha Iyer,2024-12-26 08:16:31,2024-12-26 08:16:34,9264936213,349,Spark Plug
Advanced,Sneha Iyer,2024-06-11 12:47:14,2024-06-11 13:30:16,9066406401,103,Lighting
Failed,Pooja Reddy,2023-03-15 19:52:20,2023-03-15 19:52:20,9864512786,99,Spark Plug
Abandoned,Karthik Rao,2025-06-14 15:05:03,2025-06-14 15:05:08,9043605695,488,Wiper
Abandoned,Lakshmi Krishnan,2023-09-28 01:55:14,2023-09-28 01:55:19,8218106852,165,Wiper
Failed,Suresh Babu,2026-03-28 01:28:15,2026-03-28 01:28:15,7094528907,126,Brakes
Abandoned,Manoj Pillai,2023-11-06 03:37:11,2023-11-06 03:37:12,7995932866,188,Wiper
Diverted,Manoj Pillai,2023-07-27 21:46:39,2023-07-27 21:49:35,9357054381,77,Spark Plug
Failed,Meera Pillai,2025-01-21 00:23:02,2025-01-21 00:23:02,7664001430,188,Brakes
Abandoned,Lakshmi Krishnan,2025-12-05 13:51:20,2025-12-05 13:51:24,8663432691,270,Towing
Diverted,Pooja Reddy,2025-11-18 19:38:38,2025-11-18 19:45:50,9089619158,52,Filter
Failed,Arjun Mehta,2025-05-06 02:24:12,2025-05-06 02:24:12,8260176528,79,Towing
Diverted,Sneha Iyer,2025-03-19 07:33:49,2025-03-19 07:36:10,7506322020,90,Filter
Advanced,Arjun Mehta,2025-12-25 09:01:08,2025-12-25 09:26:34,9701689731,11,Wiper
Diverted,Karthik Rao,2025-09-23 10:45:59,2025-09-23 10:48:05,8599680026,51,Filter
Answered,Meera Pillai,2024-08-29 10:46:01,2024-08-29 10:48:50,7562396186,119,Spark Plug
Diverted,Pooja Reddy,2025-09-05 05:35:08,2025-09-05 05:41:52,9307208476,7,Filter
Answered,Pooja Reddy,2024-07-24 10:03:44,2024-07-24 10:30:17,7994670337,96,Brakes
Diverted,Vikram Das,2023-04-13 10:29:04,2023-04-13 10:29:52,8016709672,0,Wiper
Diverted,Meera Pillai,2023-06-27 19:35:33,2023-06-27 19:39:01,8578486098,103,Brakes
Answered,Ananya Nair,2023-09-10 09:12:58,2023-09-10 09:40:59,9031463475,40,Filter
Advanced,Arjun Mehta,2026-02-03 06:39:37,2026-02-03 07:27:01,9980704846,248,Wiper
Answered,Divya Menon,2024-12-19 13:58:01,2024-12-19 14:07:04,8709378686,149,Brakes
Failed,Manoj Pillai,2023-04-07 04:08:42,2023-04-07 04:08:42,8215271464,80,Towing
Diverted,Priya Sharma,2024-06-04 01:10:47,2024-06-04 01:19:00,8452555651,67,Wiper
Answered,Ananya Nair,2023-07-19 18:44:35,2023-07-19 18:47:24,9879160538,34,Brakes
Failed,Arjun Mehta,2024-03-29 21:42:29,2024-03-29 21:42:29,8350541089,45,Brakes
Diverted,Priya Sharma,2024-06-05 04:02:25,2024-06-05 04:08:13,8453557522,55,Filter
Failed,Aditya Singh,2023-05-22 19:10:05,2023-05-22 19:10:05,7195138099,194,Wiper
Diverted,Karthik Rao,2024-01-31 06:10:30,2024-01-31 06:16:51,7212772254,73,Spark Plug
Failed,Vikram Das,2024-01-12 03:07:31,2024-01-12 03:07:31,8397184569,63,Towing
Answered,Divya Menon,2024-12-18 21:23:52,2024-12-18 21:38:12,9963552942,6,Towing
Answered,Suresh Babu,2026-03-11 08:10:10,2026-03-11 08:39:39,9709965965,92,Lighting
Diverted,Arjun Mehta,2025-09-21 12:01:33,2025-09-21 12:08:35,9422446166,13,Lighting
Advanced,Meera Pillai,2023-10-28 15:58:30,2023-10-28 16:08:56,7899406322,107,Towing
Abandoned,Arjun Mehta,2023-01-19 01:14:32,2023-01-19 01:14:36,9694811088,146,Filter
Diverted,Sneha Iyer,2025-01-27 19:09:49,2025-01-27 19:10:29,9606903485,88,Spark Plug
Failed,Sneha Iyer,2026-01-05 17:57:02,2026-01-05 17:57:02,7683293660,170,Spark Plug
Failed,Vikram Das,2023-11-23 04:31:05,2023-11-23 04:31:05,9317449220,46,Filter
Abandoned,Rahul Verma,2025-09-25 16:31:13,2025-09-25 16:31:15,8459376502,423,Lighting
Abandoned,Vikram Das,2023-10-09 14:00:39,2023-10-09 14:00:41,8600950237,78,Filter
Failed,Divya Menon,2026-03-18 20:37:07,2026-03-18 20:37:07,8229779076,32,Spark Plug
Answered,Ravi Kumar,2024-07-05 12:00:41,2024-07-05 12:30:11,8258097201,151,Lighting
Diverted,Sneha Iyer,2023-04-28 07:56:15,2023-04-28 08:03:12,8092335705,58,Brakes
Abandoned,Ananya Nair,2023-08-03 06:48:07,2023-08-03 06:48:12,8997535228,393,Towing
Advanced,Ravi Kumar,2024-11-02 13:40:43,2024-11-02 13:58:59,7496949116,286,Filter
Failed,Pooja Reddy,2024-05-12 00:21:29,2024-05-12 00:21:29,7488378378,91,Wiper
Diverted,Divya Menon,2025-12-07 22:08:21,2025-12-07 22:09:42,8647685290,19,Spark Plug
Failed,Aditya Singh,2024-05-09 12:42:07,2024-05-09 12:42:07,8706391465,53,Spark Plug
Diverted,Divya Menon,2024-03-05 07:34:54,2024-03-05 07:41:34,9244769647,75,Lighting
Answered,Arjun Mehta,2026-02-13 11:25:33,2026-02-13 11:32:34,9941566544,109,Towing
Answered,Sneha Iyer,2023-09-23 01:15:07,2023-09-23 01:41:23,8597455366,75,Lighting
Answered,Ravi Kumar,2024-03-10 05:04:18,2024-03-10 05:09:39,8684602031,177,Wiper
Failed,Pooja Reddy,2025-01-08 08:34:08,2025-01-08 08:34:08,7734218384,135,Wiper
Abandoned,Meera Pillai,2024-06-29 09:32:55,2024-06-29 09:32:59,7788794923,145,Spark Plug
Failed,Meera Pillai,2024-03-06 02:15:54,2024-03-06 02:15:54,7263408077,105,Filter
Failed,Vikram Das,2025-10-17 05:58:10,2025-10-17 05:58:10,9152799089,189,Towing
Answered,Karthik Rao,2025-03-02 10:21:42,2025-03-02 10:29:36,7898280221,153,Towing
Advanced,Karthik Rao,2026-03-13 03:17:13,2026-03-13 03:56:05,7846081621,273,Lighting
Failed,Manoj Pillai,2024-09-11 16:39:51,2024-09-11 16:39:51,8278562711,68,Filter
Answered,Ravi Kumar,2024-08-02 17:42:31,2024-08-02 17:47:00,7457850168,23,Brakes
Advanced,Lakshmi Krishnan,2026-01-26 05:17:15,2026-01-26 05:40:30,8998746436,201,Wiper
Diverted,Arjun Mehta,2023-05-03 04:17:50,2023-05-03 04:23:24,7632788309,20,Wiper
Advanced,Suresh Babu,2023-04-20 02:54:47,2023-04-20 03:22:59,9004357545,61,Brakes
Answered,Karthik Rao,2026-03-27 09:31:03,2026-03-27 09:32:40,7553150035,34,Wiper
Advanced,Vikram Das,2025-05-01 23:19:31,2025-05-01 23:50:30,9415917583,25,Filter
Answered,Karthik Rao,2025-05-04 11:44:44,2025-05-04 12:14:27,9730538954,112,Filter
Advanced,Rahul Verma,2026-02-11 00:49:56,2026-02-11 01:05:06,9061257547,218,Filter
Diverted,Ananya Nair,2025-03-04 22:19:36,2025-03-04 22:25:09,9220281270,35,Towing
Failed,Manoj Pillai,2024-11-25 01:56:07,2024-11-25 01:56:07,7634282063,15,Spark Plug
Advanced,Rahul Verma,2026-06-23 12:42:59,2026-06-23 12:51:18,8392230596,41,Brakes
Abandoned,Manoj Pillai,2023-06-21 19:47:03,2023-06-21 19:47:03,9772290418,269,Towing
Diverted,Suresh Babu,2025-09-21 06:25:19,2025-09-21 06:29:06,9532067920,46,Towing
Abandoned,Divya Menon,2025-06-30 23:43:33,2025-06-30 23:43:37,8496879271,213,Spark Plug
Diverted,Pooja Reddy,2023-11-11 06:41:42,2023-11-11 06:44:52,7553855232,30,Towing
Failed,Divya Menon,2025-12-28 04:43:51,2025-12-28 04:43:51,9625355175,200,Brakes
Answered,Ananya Nair,2024-04-16 02:41:50,2024-04-16 03:07:16,7777712380,31,Towing
Advanced,Karthik Rao,2024-07-06 03:49:52,2024-07-06 04:27:48,8569192902,291,Wiper
Advanced,Arjun Mehta,2025-01-09 12:40:07,2025-01-09 13:17:19,7351987246,73,Spark Plug
Diverted,Vikram Das,2023-04-13 20:10:30,2023-04-13 20:11:48,7743605951,89,Wiper
Advanced,Lakshmi Krishnan,2026-02-01 16:11:26,2026-02-01 16:28:56,7106680319,109,Wiper
